CSI코드,CSI분류코드,Jan-13,Feb-13,Mar-13,Apr-13,May-13,Jun-13,Jul-13,Aug-13,Sep-13,Oct-13,Nov-13,Dec-13,Jan-14,Feb-14,Mar-14,Apr-14,May-14,Jun-14,Jul-14,Aug-14,Sep-14,Oct-14,Nov-14,Dec-14,Jan-15,Feb-15,Mar-15,Apr-15,May-15,Jun-15,Jul-15,Aug-15,Sep-15,Oct-15,Nov-15,Dec-15,Jan-16,Feb-16,Mar-16,Apr-16,May-16,Jun-16,Jul-16,Aug-16,Sep-16,Oct-16,Nov-16,Dec-16,Jan-17,Feb-17,Mar-17,Apr-17,May-17,Jun-17,Jul-17,Aug-17,Sep-17,Oct-17,Nov-17,Dec-17,Jan-18,Feb-18,Mar-18,Apr-18,May-18,Jun-18,Jul-18,Aug-18,Sep-18,Oct-18,Nov-18,Dec-18,Jan-19,Feb-19,Mar-19,Apr-19,May-19,Jun-19,Jul-19,Aug-19,Sep-19,Oct-19,Nov-19,Dec-19,Jan-20,Feb-20,Mar-20,Apr-20,May-20,Jun-20,Jul-20,Aug-20,Sep-20,Oct-20,Nov-20,Dec-20,Jan-21,Feb-21,Mar-21,Apr-21,May-21,Jun-21,Jul-21,Aug-21,Sep-21,Oct-21,Nov-21,Dec-21,Jan-22,Feb-22,Mar-22,Apr-22,May-22,Jun-22,Jul-22,Aug-22,Sep-22,Oct-22,Nov-22,Dec-22,Jan-23,Feb-23,Mar-23,Apr-23,May-23,Jun-23,Jul-23,Aug-23,Sep-23,Oct-23,Nov-23,Dec-23,Jan-24,Feb-24,Mar-24,Apr-24,May-24,Jun-24,Jul-24,Aug-24,Sep-24,Oct-24
현재생활형편CSI,전체,88,89,90,90,91,91,93,91,89,91,92,92,93,93,91,93,91,92,91,92,93,91,90,89,89,89,90,92,93,90,89,90,91,92,92,91,90,90,91,91,91,91,91,91,91,92,90,89,87,88,89,90,92,94,95,94,94,94,96,94,94,94,95,95,95,94,91,89,90,91,90,89,90,93,91,93,91,91,91,90,92,92,92,92,93,91,83,77,79,84,85,85,81,86,89,86,86,87,89,92,93,93,91,91,91,92,92,91,91,90,90,92,89,87,81,83,85,83,83,83,82,82,83,87,88,89,91,91,89,88,87,88,89,90,89,89,88,90,91,90,90,90
현재생활형편CSI,100만원미만,74,78,80,76,77,82,82,82,77,82,85,83,86,79,82,88,83,83,84,86,89,83,82,76,79,77,76,84,85,79,78,79,82,84,84,82,80,78,79,77,79,83,83,84,82,81,82,82,77,76,80,79,85,86,84,84,82,83,86,83,80,83,85,77,80,85,77,80,81,83,80,81,81,81,79,79,78,83,81,81,84,80,84,81,81,80,70,61,69,71,68,71,64,69,70,70,66,64,67,72,73,68,73,75,74,74,74,74,70,68,70,72,71,71,69,69,75,73,73,75,74,73,70,70,78,75,79,83,82,77,78,82,78,80,77,80,82,80,82,88,84,78
현재생활형편CSI,100-200만원,80,81,85,85,89,87,87,86,84,86,86,86,84,86,83,87,83,85,80,83,84,86,85,82,82,83,80,85,83,82,87,84,84,85,84,88,84,85,86,86,87,84,85,85,83,89,84,82,74,76,78,78,84,84,86,84,86,84,87,86,83,80,84,88,88,88,86,79,83,87,84,87,86,90,87,89,85,87,87,84,86,85,87,86,86,82,74,67,71,79,80,78,75,79,80,74,72,72,78,79,82,82,83,80,82,86,85,79,77,80,80,81,78,82,77,78,81,77,81,78,79,75,78,79,76,84,83,82,82,79,81,82,80,81,82,75,76,84,79,82,81,82
현재생활형편CSI,200-300만원,88,86,87,88,89,87,90,87,84,87,90,90,90,90,89,90,89,89,89,90,92,88,87,87,88,86,87,88,90,87,84,88,88,89,92,90,87,84,86,87,87,87,88,86,87,89,83,84,87,87,84,85,86,90,95,90,90,92,93,92,89,91,92,88,90,88,86,84,86,90,87,87,87,91,89,89,88,89,87,87,87,91,90,89,90,87,79,70,75,81,82,80,73,82,85,82,82,81,83,87,89,92,87,86,87,88,87,88,86,85,84,89,85,82,81,80,81,82,83,83,82,81,84,87,90,89,90,89,87,88,87,87,88,87,85,87,88,87,91,88,87,89
현재생활형편CSI,300-400만원,90,92,92,90,91,93,93,94,91,92,93,91,93,93,96,95,92,93,93,91,93,90,89,87,91,88,95,92,93,92,90,90,91,91,94,89,93,91,91,91,89,89,88,90,91,90,88,89,88,86,89,93,91,92,91,92,91,95,97,91,94,93,93,95,95,92,90,87,88,87,89,87,88,90,88,92,89,89,89,89,90,89,90,89,91,87,79,78,78,79,82,82,79,81,86,84,85,87,88,89,90,90,88,88,87,88,90,91,91,87,89,89,87,82,79,84,84,81,80,82,79,78,80,83,87,87,91,92,92,87,86,87,88,91,90,89,86,89,92,90,90,91
현재생활형편CSI,400-500만원,94,93,93,93,96,95,98,93,94,96,95,97,98,97,94,95,94,94,94,97,95,94,92,92,89,89,93,95,97,94,89,91,90,95,93,93,93,94,97,97,98,96,95,97,96,96,98,93,91,93,95,95,94,98,97,98,99,96,96,97,98,95,100,100,99,98,94,93,93,94,94,93,94,93,94,95,95,94,92,92,94,92,93,95,96,95,87,82,81,87,87,89,86,91,93,88,90,92,95,97,97,98,96,93,93,94,96,94,95,95,97,94,92,88,81,82,85,84,83,84,81,81,81,85,86,86,89,89,87,86,85,87,86,89,89,88,86,88,90,88,89,88
현재생활형편CSI,500만원이상,97,96,99,98,99,98,100,99,97,100,100,99,102,102,98,101,100,100,99,98,100,98,101,99,99,99,98,100,100,96,98,99,100,101,98,95,97,97,98,98,96,97,99,98,99,99,97,95,94,96,97,98,101,101,104,102,103,101,103,103,103,106,104,103,103,102,100,97,98,97,95,94,96,100,97,99,99,98,98,97,99,99,98,99,100,101,92,86,88,92,94,93,90,95,98,95,95,97,98,101,101,101,99,99,98,98,99,98,99,98,98,100,97,94,87,89,90,86,86,86,87,87,88,93,93,94,96,94,93,93,90,92,94,94,93,95,94,96,96,94,95,95
현재경기판단CSI,전체,67,69,73,74,79,82,82,81,77,84,87,84,84,85,88,91,76,79,75,81,83,79,74,71,74,71,72,77,79,65,63,71,73,81,79,75,68,65,69,74,70,68,71,74,72,72,60,55,51,55,59,69,82,93,96,93,87,91,98,95,90,89,87,86,89,84,77,70,64,67,62,62,65,70,70,74,69,69,67,63,68,72,73,74,78,66,38,31,36,44,49,54,42,58,72,56,56,63,72,77,85,94,82,77,78,80,81,79,76,75,71,74,74,60,43,47,50,47,46,51,51,48,52,58,64,69,75,72,66,64,62,67,69,70,68,68,67,71,77,73,71,73
현재경기판단CSI,100만원미만,63,67,71,70,79,83,83,79,68,82,86,82,80,85,81,89,70,73,76,79,83,77,69,66,70,66,69,76,77,64,58,72,77,82,77,76,72,61,65,67,74,68,74,75,72,71,58,58,48,53,54,64,75,87,86,86,79,85,89,91,85,81,79,81,79,77,70,67,62,67,62,59,60,66,63,68,64,66,66,59,70,68,68,71,75,65,40,29,35,47,46,50,37,51,64,53,45,55,55,63,70,76,69,66,66,65,70,64,61,63,61,62,61,55,47,44,49,53,49,57,58,53,54,60,72,71,77,75,70,69,67,69,70,70,68,71,69,77,78,82,77,74
현재경기판단CSI,100-200만원,64,65,70,73,76,81,80,79,71,82,84,81,81,82,86,87,73,79,70,79,81,76,74,72,72,70,67,74,75,65,63,72,72,78,78,78,69,65,68,72,72,71,72,73,70,71,56,54,47,52,55,62,74,83,80,85,76,83,90,90,80,79,77,82,83,76,71,64,61,65,60,62,65,64,65,67,63,64,65,55,62,66,68,69,72,60,38,31,36,46,48,50,39,51,63,49,47,54,62,65,74,80,72,65,68,74,72,71,68,68,67,63,67,59,43,45,55,52,48,50,52,49,54,56,62,67,72,68,64,61,62,66,66,65,62,66,62,69,68,70,67,71
현재경기판단CSI,200-300만원,64,69,71,73,77,80,81,80,75,81,85,82,79,80,86,87,73,78,75,81,81,77,70,68,74,69,71,74,76,60,61,69,72,78,76,76,66,63,68,72,65,66,68,71,69,68,54,53,49,55,55,65,75,85,91,89,82,86,95,90,84,83,82,81,86,79,76,66,63,66,59,62,65,68,66,73,68,67,64,61,66,73,71,73,75,65,38,32,36,44,49,51,42,55,66,52,52,60,67,74,79,88,78,74,73,76,75,73,70,70,65,67,68,60,44,49,53,51,48,55,53,48,53,62,66,70,75,73,66,64,61,66,70,69,66,63,64,65,73,69,69,70
현재경기판단CSI,300-400만원,68,70,73,74,79,83,83,83,80,87,88,84,85,86,92,92,78,78,77,80,79,79,74,72,74,74,75,79,81,66,65,70,72,82,81,73,69,66,69,74,70,67,70,73,74,72,61,54,52,53,59,71,81,97,100,94,87,93,101,94,89,91,86,89,89,87,78,67,62,66,64,62,64,72,72,73,69,68,68,65,68,72,72,73,76,66,38,31,37,43,49,52,41,56,70,55,56,58,68,73,82,91,80,76,78,77,79,77,74,70,71,73,73,58,44,49,51,47,50,54,54,48,52,56,64,68,79,73,71,67,66,67,71,72,71,69,68,72,79,74,73,75
현재경기판단CSI,400-500만원,72,72,74,76,83,83,83,80,77,86,87,86,87,88,90,93,75,77,78,86,86,76,75,71,74,69,76,78,82,67,62,72,73,82,76,75,67,65,72,77,72,69,70,73,74,76,65,57,52,56,64,73,87,99,100,97,92,95,100,98,94,92,93,89,94,91,80,75,68,71,64,65,67,73,76,77,71,72,70,65,70,74,75,76,82,65,42,35,36,45,49,58,44,62,75,59,60,67,79,82,89,99,86,79,80,81,83,80,79,78,68,73,77,59,42,49,51,46,44,52,50,46,52,57,61,68,72,70,63,63,62,67,69,71,67,69,67,73,80,75,71,73
현재경기판단CSI,500만원이상,67,73,77,77,81,83,83,84,83,88,88,88,87,91,90,96,80,83,76,84,85,83,80,72,77,73,74,81,84,66,66,72,76,83,84,76,68,65,71,76,70,69,72,78,74,72,62,55,54,58,60,72,90,100,104,99,94,97,105,101,96,95,94,90,93,85,80,74,66,68,63,62,66,74,72,76,74,71,69,65,70,74,78,77,82,70,37,29,34,42,50,58,44,64,79,61,63,71,80,86,93,102,89,84,84,87,88,87,84,81,76,82,79,63,41,45,45,43,42,47,48,47,50,57,63,69,74,73,66,63,61,67,68,71,69,71,69,72,78,73,71,73
생활형편전망CSI,전체,96,96,98,97,98,100,99,98,95,99,100,99,101,101,101,101,99,101,100,100,100,99,97,98,97,98,98,100,102,96,99,98,99,100,100,98,96,96,97,98,96,96,98,98,98,98,93,93,91,93,95,98,103,103,104,102,102,102,104,103,102,102,102,102,102,99,97,97,93,91,90,91,91,92,94,95,92,92,92,89,92,93,95,94,97,93,83,79,85,87,87,89,85,91,94,89,93,94,95,96,97,99,96,96,96,98,97,96,96,96,95,94,93,88,79,83,86,84,82,85,85,83,87,90,92,93,94,95,92,90,90,92,94,94,93,94,92,94,95,94,94,96
생활형편전망CSI,100만원미만,91,88,92,93,92,96,97,94,88,95,97,96,97,100,96,94,100,95,98,99,97,94,92,89,91,92,94,94,97,86,92,95,93,95,103,96,96,97,95,95,95,95,96,93,95,92,87,85,77,87,87,94,95,94,92,91,92,95,98,90,90,90,91,93,91,92,89,91,95,88,84,86,87,85,87,89,80,82,87,78,86,85,88,88,85,87,72,64,77,82,73,79,68,76,80,73,73,75,77,79,78,83,81,82,81,83,81,78,81,79,83,82,76,76,76,76,83,82,81,83,84,79,77,81,85,84,90,92,85,85,86,89,97,90,90,96,93,91,91,91,93,95
생활형편전망CSI,100-200만원,96,92,94,94,96,99,95,96,93,99,97,95,98,94,98,96,92,98,94,94,95,94,97,94,90,93,88,97,94,93,97,94,94,95,95,96,93,95,95,94,92,95,99,96,95,96,85,88,85,82,90,88,95,99,98,96,93,95,95,100,94,94,97,100,95,92,90,85,88,87,88,89,85,88,91,90,87,89,89,87,86,88,89,90,90,85,75,69,78,80,83,81,80,82,87,78,85,81,84,86,89,90,85,86,86,90,88,84,86,88,90,84,86,83,75,80,83,81,78,85,84,81,86,84,83,86,86,86,85,85,85,84,87,86,87,86,87,86,86,85,88,89
생활형편전망CSI,200-300만원,94,95,96,94,95,96,97,94,91,96,96,97,97,102,97,99,98,100,98,98,99,96,96,97,95,95,98,97,100,95,97,96,97,100,99,95,91,93,93,95,91,90,96,94,93,96,90,89,89,91,92,93,103,96,101,100,99,101,101,101,98,98,99,97,102,98,96,96,89,89,86,88,89,89,92,92,87,89,90,85,90,93,92,92,94,88,79,76,81,84,84,83,81,89,87,85,89,91,90,93,94,97,93,90,92,95,91,92,93,90,88,90,90,83,80,83,85,84,81,83,85,84,90,92,94,96,95,94,93,91,89,92,93,92,92,92,91,93,96,93,92,94
생활형편전망CSI,300-400만원,94,98,96,97,99,100,99,96,95,99,104,97,103,100,102,103,98,100,103,102,100,102,97,99,99,100,102,104,104,96,101,97,99,98,101,97,94,97,94,96,96,96,93,97,100,95,96,94,91,92,94,98,100,104,103,101,102,101,105,102,102,102,100,103,101,99,98,97,90,86,88,86,87,91,90,94,90,90,91,88,90,91,93,92,93,91,81,77,83,86,85,85,82,89,93,89,92,93,93,91,95,96,92,93,95,95,93,94,95,92,93,94,93,84,75,82,84,84,80,82,83,79,84,90,90,91,95,96,94,92,90,92,93,95,94,93,91,95,96,95,93,96
생활형편전망CSI,400-500만원,99,99,101,99,101,101,103,100,96,98,101,101,100,100,104,100,100,105,101,103,102,97,100,102,99,99,102,98,102,96,100,101,99,102,99,99,101,98,102,99,100,100,98,101,100,102,94,96,93,97,100,103,107,109,108,107,105,107,105,106,104,105,104,102,102,100,99,101,94,95,91,95,95,94,97,98,96,94,92,91,96,94,98,95,100,96,86,82,88,88,89,94,88,95,99,92,97,97,101,101,99,103,98,100,97,100,100,99,97,102,97,93,94,88,78,80,85,82,83,84,84,81,83,86,90,92,92,94,88,85,88,90,92,89,92,93,90,90,93,93,91,93
생활형편전망CSI,500만원이상,103,103,107,104,104,104,103,105,103,105,105,105,107,107,106,107,105,106,106,105,106,104,100,103,101,104,103,105,107,102,103,104,103,104,103,103,101,98,102,104,100,101,104,103,102,104,99,98,98,99,99,103,109,108,109,107,108,107,109,108,109,108,108,107,107,104,101,102,100,96,96,95,96,98,99,101,99,99,96,95,97,99,101,99,104,99,91,87,92,93,94,96,93,98,100,98,102,102,102,104,105,107,104,103,103,103,105,105,104,102,101,101,100,95,82,87,89,85,85,88,88,87,90,94,96,96,98,97,95,92,93,96,96,98,96,98,95,97,98,97,97,99
향후경기전망CSI,전체,90,90,93,88,97,97,95,93,97,95,98,96,99,99,102,101,94,98,92,100,97,91,87,85,90,87,88,91,91,79,86,87,88,91,89,84,78,75,82,86,80,78,80,85,83,80,64,65,67,70,77,89,111,112,109,104,96,99,108,105,102,98,97,96,101,96,87,82,77,77,72,72,76,80,79,81,75,75,70,66,75,77,81,82,87,76,62,59,67,70,70,75,66,83,91,81,89,90,93,94,99,109,92,90,94,96,96,88,93,91,87,87,84,69,50,58,62,56,54,62,60,60,63,68,74,78,84,80,74,70,72,77,81,80,80,81,79,80,84,81,79,81
향후경기전망CSI,100만원미만,92,96,99,98,104,102,103,96,99,98,104,103,101,103,103,103,101,97,93,102,99,93,90,83,91,86,91,95,94,80,92,95,93,96,93,91,83,79,85,87,86,84,87,86,91,84,65,62,65,70,71,83,99,105,97,101,92,97,104,99,94,95,90,92,93,90,84,84,79,81,74,73,73,80,76,80,70,72,69,61,72,75,71,81,82,72,56,51,65,71,64,66,57,74,83,70,74,78,76,80,87,95,81,82,82,88,87,76,81,83,88,83,78,67,58,63,62,64,61,67,68,68,72,69,76,80,89,84,80,79,83,82,87,82,77,86,82,87,89,85,81,86
향후경기전망CSI,100-200만원,91,88,91,89,94,97,96,94,97,97,96,96,99,97,99,99,90,98,91,100,95,92,88,87,87,84,85,90,88,81,83,89,87,90,91,86,78,77,84,87,84,83,84,86,82,79,66,67,65,67,71,83,97,102,97,99,89,91,101,99,95,91,90,89,94,90,82,75,75,74,72,73,72,75,75,75,71,70,65,59,67,71,77,78,81,68,58,50,61,62,68,67,57,70,79,66,74,76,79,82,84,96,82,76,82,89,85,76,83,82,80,77,82,71,55,60,68,62,58,67,63,62,66,69,76,76,85,78,75,74,74,77,82,79,79,82,78,82,82,80,80,83
향후경기전망CSI,200-300만원,86,92,91,84,97,94,94,90,96,92,94,93,94,96,99,98,90,96,89,97,94,88,84,83,88,85,86,87,87,78,84,86,86,90,89,82,77,74,81,84,78,74,79,83,79,76,64,66,66,69,75,86,109,106,105,101,92,95,104,102,98,94,95,93,99,93,86,81,76,75,69,71,77,79,78,79,72,74,69,65,74,78,81,80,85,72,61,65,68,71,69,72,67,82,87,77,86,87,88,91,95,106,87,88,90,93,92,85,90,88,84,86,84,69,52,61,65,59,59,67,61,61,65,70,78,80,85,79,75,71,71,79,81,79,78,76,75,75,80,80,77,78
향후경기전망CSI,300-400만원,93,90,93,86,97,98,96,93,97,97,101,96,99,97,102,101,94,97,93,98,94,92,87,84,91,87,91,93,93,78,87,86,88,90,90,85,80,77,80,86,82,79,77,83,83,83,64,68,68,70,79,92,112,113,111,106,99,103,110,106,105,101,99,100,103,96,89,81,74,75,73,71,74,77,77,81,74,72,71,67,75,76,79,79,83,80,59,58,66,69,68,74,64,80,89,79,88,85,90,91,97,104,90,89,94,96,94,85,90,87,87,86,86,66,52,63,62,59,56,66,66,60,64,68,75,80,87,81,79,72,74,78,83,83,81,84,80,82,87,85,81,85
향후경기전망CSI,400-500만원,90,88,92,89,95,100,92,93,92,91,98,95,102,97,106,102,95,100,91,100,99,87,88,86,90,85,90,90,93,76,86,84,88,89,85,81,78,75,83,86,79,78,77,83,83,81,65,64,66,73,77,90,115,119,115,106,99,103,108,108,105,102,101,99,105,102,91,90,81,82,74,75,80,81,83,84,77,77,72,65,79,79,85,84,91,78,62,60,64,69,71,78,65,85,96,83,91,95,101,97,100,114,94,94,94,97,96,91,92,94,86,86,84,68,49,57,65,55,53,60,58,58,61,65,72,76,82,76,69,69,69,74,83,81,81,81,79,82,83,78,81,80
향후경기전망CSI,500만원이상,91,91,96,90,96,97,94,96,102,98,99,99,103,103,102,105,97,98,94,103,101,92,89,86,92,91,89,94,95,82,88,88,89,92,87,83,77,74,82,85,78,77,82,87,83,81,62,64,67,72,80,91,119,118,115,107,102,103,113,109,106,101,101,98,104,98,88,83,78,77,71,72,77,83,81,84,80,78,71,69,75,79,85,86,92,81,67,63,73,73,75,81,71,90,99,90,98,99,102,103,108,119,99,96,103,101,103,95,99,98,92,91,85,70,46,53,57,50,48,56,56,60,60,66,71,77,83,81,73,68,70,77,79,79,80,81,80,80,84,79,79,81
취업기회전망CSI,전체,91,90,93,90,94,96,92,91,95,93,93,94,94,94,96,96,91,93,90,96,94,88,86,83,86,83,82,84,85,79,83,88,91,90,89,84,77,78,79,82,74,75,76,83,80,79,68,68,69,70,76,86,113,121,110,109,101,99,104,102,93,93,94,94,96,93,87,85,78,79,75,74,78,79,79,83,80,79,77,74,79,81,84,84,88,81,64,58,63,65,65,72,60,75,82,74,80,80,84,86,92,103,87,86,88,94,98,89,92,93,94,94,95,86,69,72,76,70,66,70,66,69,70,74,78,81,85,84,77,78,77,81,84,83,84,85,83,85,86,83,83,83
취업기회전망CSI,100만원미만,98,98,105,98,98,101,103,95,102,100,98,100,100,102,99,100,96,100,95,100,98,96,90,85,88,86,87,83,92,81,90,96,101,95,94,93,84,79,82,83,74,75,81,80,83,79,67,64,61,69,71,81,100,115,102,106,97,93,100,99,93,97,86,94,92,88,83,86,82,80,74,70,77,79,75,82,75,78,74,71,79,82,79,80,85,79,60,53,66,68,63,69,55,68,75,65,70,73,70,75,82,90,81,81,78,87,89,81,79,87,94,91,92,85,79,81,80,81,72,76,74,74,76,78,82,88,91,88,87,85,90,88,90,87,89,91,85,89,90,90,84,89
취업기회전망CSI,100-200만원,94,92,93,92,95,98,92,92,96,96,95,97,96,96,99,95,91,95,91,95,94,91,90,87,88,87,81,87,82,81,83,90,93,93,94,88,81,82,82,82,80,83,83,87,81,81,72,73,71,69,73,83,99,112,101,101,94,92,96,95,85,86,85,87,86,85,82,77,73,74,72,71,74,72,76,76,79,75,72,68,70,76,78,79,85,75,63,52,61,62,63,68,56,65,71,62,69,69,75,77,80,93,79,77,75,89,87,80,87,88,89,89,96,89,73,74,80,76,71,75,71,72,72,75,78,80,88,85,80,81,81,86,88,81,83,85,85,86,85,81,83,81
취업기회전망CSI,200-300만원,86,90,90,88,94,91,90,88,93,88,90,90,90,92,92,94,87,92,87,92,90,85,86,80,85,79,78,80,82,77,79,83,87,86,85,81,74,73,79,80,71,70,73,80,76,75,68,66,68,69,73,83,110,114,104,105,95,95,102,98,91,89,91,90,93,89,82,81,76,80,73,74,79,80,78,83,77,78,76,73,77,80,84,82,89,78,62,61,62,66,62,68,62,73,77,71,75,75,79,81,88,99,83,81,85,90,95,89,91,90,92,95,93,88,77,78,81,78,71,76,68,70,74,78,83,82,87,84,79,80,76,82,84,84,84,84,81,83,86,82,83,81
취업기회전망CSI,300-400만원,91,89,92,91,93,93,90,92,93,94,93,91,94,88,96,95,92,93,88,93,93,88,84,82,85,82,83,85,85,77,83,86,90,90,89,82,78,82,75,81,73,74,75,82,81,80,69,71,72,70,77,88,113,126,114,114,104,103,107,105,94,96,95,97,95,93,89,84,76,77,78,74,75,78,79,81,79,79,77,75,79,78,83,81,83,83,64,56,60,61,62,69,57,74,81,72,80,76,81,83,91,101,83,85,86,93,95,88,91,92,93,93,95,86,73,76,80,71,68,75,68,68,73,73,77,82,85,85,79,78,78,82,86,85,85,86,82,85,86,84,84,86
취업기회전망CSI,400-500만원,90,88,91,88,94,98,91,87,90,89,92,91,96,93,96,94,90,92,88,96,97,86,87,84,84,82,82,81,88,79,81,86,91,92,89,82,73,77,79,84,73,77,76,82,83,81,68,68,68,72,78,88,120,125,115,112,104,104,108,104,96,97,99,97,101,98,94,92,84,85,78,79,82,82,84,87,81,81,81,74,83,83,87,88,91,82,65,58,59,64,64,72,61,77,87,77,82,87,91,93,96,106,90,89,89,94,102,93,93,94,93,92,95,85,66,73,74,69,63,68,66,68,69,75,77,79,84,83,73,77,76,81,84,84,85,87,82,84,85,82,83,83
취업기회전망CSI,500만원이상,90,87,92,90,92,98,91,92,98,96,94,96,95,97,95,98,93,92,92,99,98,89,85,83,87,85,84,86,87,80,83,90,92,89,87,83,75,76,78,82,72,76,76,84,80,80,68,66,69,70,79,87,120,126,116,112,105,100,107,104,97,96,98,98,101,96,89,87,79,80,74,75,78,81,81,86,83,80,80,79,79,83,86,86,91,85,67,60,67,66,68,76,63,79,89,81,88,88,91,93,98,111,94,91,95,99,102,93,97,97,96,98,95,86,62,64,70,64,59,63,61,67,65,72,76,81,81,82,76,76,74,77,81,82,82,84,83,84,87,82,82,83
금리수준전망CSI,전체,92,90,94,85,84,90,100,98,97,100,100,100,102,102,103,104,102,99,96,89,89,90,94,90,92,92,89,93,94,93,99,104,107,106,114,118,118,102,100,100,98,91,93,96,107,106,112,124,126,123,125,123,117,124,127,122,118,122,130,132,130,128,127,128,128,126,128,125,126,135,130,132,125,120,115,110,109,100,94,85,85,87,86,91,95,92,72,77,82,82,88,90,89,95,97,99,102,104,114,112,118,124,126,126,134,133,138,137,139,139,136,141,146,149,152,149,147,150,151,133,132,113,120,111,114,105,112,118,118,128,119,107,99,100,98,100,104,98,95,93,93,88
금리수준전망CSI,100만원미만,97,91,93,88,90,88,98,95,90,99,102,100,97,101,97,101,97,94,94,90,87,91,90,89,93,91,88,89,96,94,97,99,102,101,107,106,114,100,98,98,97,94,93,92,103,104,107,118,117,115,117,119,116,117,121,117,110,115,128,132,129,129,122,122,127,120,125,122,115,125,117,121,115,109,111,108,99,94,92,83,83,86,84,88,94,91,76,74,82,81,86,88,84,88,90,92,95,95,106,102,112,113,116,110,125,119,126,128,128,128,127,134,131,139,137,136,136,140,140,129,129,116,115,114,112,107,113,114,118,123,115,108,100,101,99,100,99,102,96,99,95,93
금리수준전망CSI,100-200만원,93,92,97,91,86,94,99,101,97,101,101,99,102,102,102,104,102,100,97,91,89,91,91,90,90,93,88,92,93,95,96,104,101,103,109,112,112,100,100,102,102,90,95,98,104,104,106,115,118,113,117,117,112,118,122,114,114,116,125,127,125,122,121,120,122,119,119,116,119,130,123,125,119,115,109,108,109,100,96,84,89,86,85,91,94,89,77,76,81,80,89,87,87,92,96,97,99,99,108,110,109,119,118,123,131,128,134,132,139,134,134,137,145,145,145,141,138,140,140,130,128,115,121,111,112,110,112,118,114,123,121,109,104,107,104,103,108,102,102,101,94,92
금리수준전망CSI,200-300만원,95,92,97,86,87,89,99,96,97,99,97,99,101,102,103,103,101,102,97,91,92,92,94,94,94,94,93,92,93,93,98,103,108,104,109,116,114,101,101,100,98,93,95,97,106,106,110,121,125,119,123,121,115,119,123,121,117,120,126,129,126,122,125,125,124,124,127,122,121,134,128,129,123,119,112,109,111,102,96,91,89,90,88,90,95,94,76,80,84,83,86,88,87,93,94,95,98,100,107,105,113,120,124,126,130,127,133,131,134,131,132,137,140,144,141,145,143,143,146,133,131,116,120,114,114,106,110,117,117,126,120,109,101,102,101,105,108,103,102,99,100,92
금리수준전망CSI,300-400만원,91,91,95,85,84,91,103,98,98,102,100,100,101,102,105,106,103,98,97,89,87,91,97,91,92,91,89,98,96,94,101,101,108,106,115,119,120,106,102,100,96,92,93,94,109,104,110,124,125,125,127,124,116,123,128,120,117,123,129,131,130,128,126,129,126,125,126,126,126,133,129,135,126,120,117,113,111,101,98,86,87,88,84,92,95,91,72,76,80,81,90,90,89,94,97,96,101,102,111,111,117,123,126,124,134,135,140,138,139,140,136,141,146,147,154,147,148,149,150,134,133,116,122,113,115,107,113,118,120,128,122,108,99,101,101,100,107,98,98,94,96,91
금리수준전망CSI,400-500만원,90,87,92,85,80,89,98,99,98,100,100,100,103,101,101,103,101,100,94,88,90,90,95,88,91,91,89,90,91,91,97,105,106,107,115,122,121,105,100,98,98,86,90,93,105,106,117,126,127,124,126,123,115,128,132,124,121,125,131,133,130,131,129,128,130,129,132,125,128,137,131,132,126,124,117,109,108,100,92,86,82,86,87,93,95,91,70,76,82,83,88,89,89,96,100,101,101,109,118,116,122,126,127,127,135,134,138,139,139,142,137,142,146,150,157,150,151,153,156,136,136,113,120,112,118,104,113,121,123,131,118,109,99,100,97,100,103,95,95,95,93,89
금리수준전망CSI,500만원이상,86,88,88,78,80,90,101,96,99,101,100,101,103,104,106,106,104,99,93,85,88,86,94,86,94,93,88,94,95,94,102,108,112,111,121,124,124,101,97,102,97,93,91,97,111,111,118,134,133,129,132,130,122,132,130,127,123,127,135,138,135,135,132,134,134,131,134,132,134,141,138,137,131,124,118,110,108,99,90,82,83,84,85,90,96,93,69,77,82,82,88,93,91,97,99,103,108,109,122,119,123,129,130,131,138,139,142,141,143,144,139,145,152,154,161,155,151,157,156,133,131,109,121,109,113,103,111,118,117,128,118,105,96,96,94,97,102,96,90,87,88,84
가계수입전망CSI,전체,101,99,100,99,99,99,99,99,97,101,101,102,103,102,102,101,101,102,101,101,102,101,101,100,101,102,99,101,101,98,100,100,100,101,102,101,100,98,99,99,98,98,100,100,100,101,98,98,98,97,98,99,102,103,103,103,103,104,104,104,105,103,103,102,101,101,99,98,101,99,97,99,98,98,98,99,97,97,96,94,97,97,99,98,101,97,87,83,87,88,90,92,88,94,96,93,96,96,96,97,98,100,98,99,99,101,101,100,100,99,99,99,98,97,93,94,96,94,93,95,96,95,96,96,97,98,99,100,99,98,98,99,100,100,99,99,97,99,100,98,98,99
가계수입전망CSI,100만원미만,91,86,87,90,89,91,93,90,83,89,89,91,90,91,91,93,97,94,92,97,92,92,89,85,91,88,90,89,87,83,88,89,88,95,95,91,92,90,90,90,91,94,92,92,95,91,87,86,83,88,84,91,94,91,93,91,91,101,93,86,87,88,89,89,91,95,88,87,96,91,87,91,89,86,90,88,81,85,87,83,87,86,90,88,87,89,71,67,77,79,76,78,72,79,77,76,76,80,79,82,85,88,83,85,82,84,87,81,84,80,87,84,83,86,85,87,93,88,89,90,89,92,85,91,88,95,90,94,91,93,95,95,99,92,94,95,95,94,95,91,93,94
가계수입전망CSI,100-200만원,96,95,97,97,95,95,94,96,95,100,96,96,99,98,95,98,94,98,96,97,96,97,97,94,95,100,94,96,99,96,98,99,96,96,98,99,95,95,94,94,94,96,98,94,93,95,91,94,90,87,91,92,94,95,94,96,93,93,96,99,100,99,96,96,91,93,92,89,96,93,92,95,91,95,92,94,92,92,93,88,90,89,92,89,93,89,80,72,79,80,86,83,80,85,88,79,87,86,87,87,89,92,89,88,89,89,91,89,90,91,91,89,88,92,89,89,91,89,87,92,93,92,94,92,90,90,93,90,94,95,93,90,93,93,92,91,90,91,91,91,91,93
가계수입전망CSI,200-300만원,100,100,100,98,98,96,99,97,94,98,99,102,102,103,101,99,99,101,99,101,101,98,99,100,99,99,96,102,99,97,96,99,98,98,100,99,96,97,97,97,94,93,97,94,95,98,92,93,95,95,92,94,101,99,101,101,101,102,103,103,102,100,103,100,102,98,100,98,99,97,95,97,96,93,96,97,95,96,96,94,97,97,98,98,99,96,82,81,86,87,87,88,84,92,95,89,93,93,93,94,95,97,94,94,95,98,97,95,94,93,97,97,96,96,93,93,93,93,90,95,94,95,96,97,100,97,99,100,97,98,94,100,98,100,96,98,97,98,97,97,96,98
가계수입전망CSI,300-400만원,104,104,100,99,103,101,99,102,100,103,104,103,107,104,103,101,101,105,105,104,105,105,105,105,106,105,102,105,104,101,100,101,101,102,105,101,102,100,98,100,96,98,99,98,101,100,98,100,100,97,98,101,100,106,104,105,106,105,108,105,106,103,102,105,101,100,98,99,102,95,95,97,97,99,94,98,98,95,95,94,97,96,100,97,102,95,88,82,87,87,91,91,86,94,96,95,96,97,95,94,98,99,97,99,98,99,98,99,100,99,99,97,99,95,91,93,94,94,92,92,94,92,96,96,96,97,101,101,102,97,97,99,100,103,98,99,96,99,101,97,97,98
가계수입전망CSI,400-500만원,106,100,104,101,103,103,104,102,101,104,103,104,107,103,106,104,105,103,103,105,108,104,103,104,101,102,103,101,105,98,102,102,103,105,105,105,104,100,104,100,103,103,102,106,105,106,103,102,100,103,106,102,105,107,109,110,108,111,107,107,109,108,106,102,103,105,105,105,101,106,99,102,102,99,102,99,99,98,97,96,99,100,102,100,103,96,91,88,87,90,91,96,90,96,100,95,98,98,101,103,101,103,100,102,101,104,103,103,101,104,100,100,99,99,93,95,97,94,96,97,99,92,95,95,96,96,96,101,95,98,100,99,98,98,99,98,96,99,100,97,97,97
가계수입전망CSI,500만원이상,108,104,107,106,103,105,104,105,103,107,107,107,108,106,107,106,105,103,105,102,105,103,105,104,104,107,104,103,105,102,106,106,105,104,105,105,103,101,102,103,103,102,105,107,105,106,104,101,104,101,104,104,106,108,107,107,108,107,108,110,111,108,109,106,106,105,101,101,105,102,103,103,103,103,104,105,102,102,101,100,102,102,103,104,107,103,92,90,92,95,95,97,96,100,103,102,106,103,102,104,104,105,105,106,106,107,108,109,108,105,103,105,103,102,98,98,100,98,97,99,99,98,99,98,101,101,101,102,102,101,102,102,103,102,103,103,101,102,103,102,102,103
소비지출전망CSI,전체,107,106,109,105,106,106,105,109,105,109,110,109,112,110,111,110,108,110,109,109,110,109,108,106,107,109,106,106,107,105,105,106,107,108,110,107,107,105,105,106,105,105,106,106,107,107,106,103,104,104,104,106,106,109,108,109,107,108,109,109,109,108,108,107,108,107,105,106,111,111,108,109,109,109,110,110,109,108,107,105,106,108,109,109,110,106,93,87,91,93,95,99,92,100,104,99,102,104,107,106,108,113,108,107,109,112,115,110,111,110,114,114,116,114,112,110,109,110,107,108,110,112,110,110,111,113,113,113,112,113,111,111,111,111,111,110,109,109,111,109,108,109
소비지출전망CSI,100만원미만,99,95,103,97,97,101,100,99,90,104,98,97,101,105,98,98,98,100,96,101,98,95,92,92,96,95,94,88,92,91,88,93,97,99,100,98,95,92,93,97,92,98,95,99,98,100,91,89,86,88,92,89,92,92,97,94,97,104,101,98,95,95,97,94,97,97,93,97,103,103,98,92,98,97,94,95,96,98,97,97,95,100,97,101,100,96,83,75,81,87,84,87,80,90,91,86,89,90,95,93,98,99,94,99,97,102,101,100,97,100,102,104,106,106,98,98,100,101,99,105,106,104,99,102,101,99,104,103,102,102,101,102,102,103,101,102,102,104,110,100,101,105
소비지출전망CSI,100-200만원,103,102,105,101,103,101,99,105,100,105,105,104,106,104,105,106,97,105,100,104,102,103,101,101,101,105,102,100,100,100,104,101,106,100,103,102,98,101,100,101,99,97,99,96,98,101,96,94,96,94,94,97,98,98,99,102,98,98,100,98,100,102,100,100,99,101,95,95,105,104,98,105,102,104,104,106,104,105,101,97,99,100,101,101,98,103,89,80,86,89,94,94,88,87,95,89,91,92,96,95,99,103,99,100,100,100,104,97,101,99,106,107,110,105,102,101,102,106,101,102,100,102,102,104,103,105,105,105,105,106,102,103,101,102,101,100,101,96,103,102,100,103
소비지출전망CSI,200-300만원,107,108,109,106,107,104,104,107,102,107,107,109,111,108,110,106,109,109,109,108,110,107,109,100,105,104,103,104,106,104,101,104,105,106,107,102,104,102,101,103,100,103,104,101,105,106,104,99,99,101,100,105,103,107,104,106,103,104,106,106,109,105,107,103,105,103,105,103,108,109,105,106,107,105,108,108,106,110,103,103,105,107,105,107,108,101,91,84,89,92,92,93,88,98,98,96,96,98,101,102,105,110,103,104,101,107,110,102,105,107,110,107,106,107,113,111,111,115,111,110,110,116,110,112,113,115,115,113,109,114,112,110,110,110,108,113,108,109,112,108,110,111
소비지출전망CSI,300-400만원,110,109,114,107,108,109,107,114,111,113,115,115,116,111,115,113,111,115,113,111,114,112,110,112,111,116,112,112,112,108,107,110,105,112,113,112,111,109,108,105,106,108,107,108,107,106,107,107,109,111,108,110,110,113,111,117,110,111,112,111,111,109,109,111,112,108,109,110,115,112,111,109,111,109,110,109,110,103,108,106,104,109,109,109,107,104,92,87,91,91,94,100,91,100,104,98,100,105,106,104,108,111,108,106,113,112,115,111,110,110,113,114,116,113,115,108,107,109,108,106,107,110,110,108,109,113,112,112,112,110,111,110,111,111,112,107,107,110,109,106,107,105
소비지출전망CSI,400-500만원,110,106,110,106,107,111,108,112,108,111,115,112,113,113,116,117,113,108,112,113,114,112,111,111,109,107,108,109,108,111,111,109,114,114,114,113,111,108,110,113,111,109,107,112,112,110,110,107,106,108,108,109,109,111,114,112,112,111,111,113,115,115,112,111,114,115,109,110,114,114,114,116,114,115,117,111,114,110,109,105,111,111,113,111,112,108,96,89,90,95,98,104,96,103,107,103,106,110,110,113,109,114,109,110,109,111,118,110,113,111,116,112,116,111,119,115,110,106,106,109,114,112,110,112,115,116,118,115,115,113,112,116,116,115,114,112,108,108,110,111,112,113
소비지출전망CSI,500만원이상,111,109,109,108,108,110,107,110,109,111,114,112,116,114,114,113,112,114,112,114,113,113,113,114,112,116,108,109,110,109,109,109,111,112,113,110,111,110,110,109,111,110,111,114,112,112,112,109,110,108,109,111,112,115,113,112,112,112,114,114,112,112,111,112,110,110,107,110,114,114,112,114,114,113,115,116,113,111,112,111,111,112,116,115,117,112,98,92,95,98,100,104,97,108,111,105,111,111,114,112,115,120,114,111,116,118,122,117,118,116,119,122,123,122,114,113,112,112,109,111,111,114,113,113,114,115,115,116,116,116,114,114,113,113,114,112,112,113,114,112,110,111
내구재 지출전망CSI,전체,89,88,89,88,89,91,90,92,91,93,95,93,94,92,93,93,94,95,93,94,95,93,93,92,94,92,92,92,94,92,91,93,93,94,96,93,94,92,93,92,91,92,93,94,94,95,91,90,90,90,92,93,96,96,97,96,96,96,97,97,97,97,96,95,95,95,93,94,96,96,95,94,95,95,95,95,94,94,92,92,94,95,95,95,95,93,85,81,83,84,86,88,83,89,92,88,89,91,92,92,94,96,94,95,94,96,96,94,94,93,95,94,95,93,89,91,92,91,89,90,91,91,90,93,94,96,95,96,95,95,94,94,96,94,94,93,93,94,95,94,93,94
내구재 지출전망CSI,100만원미만,86,84,85,83,83,88,86,87,81,91,91,86,84,86,85,83,85,82,83,82,82,81,85,82,84,81,79,79,86,75,80,80,78,84,84,78,84,77,84,81,80,81,85,80,80,84,76,73,75,78,80,79,79,79,84,81,84,84,87,80,84,83,82,78,79,81,79,81,91,85,81,81,87,82,81,86,81,81,79,84,86,84,86,88,84,86,70,70,71,76,73,74,67,76,78,69,73,74,71,76,79,80,75,86,75,88,80,77,77,81,84,82,84,85,83,78,87,87,84,82,83,81,79,83,83,86,84,90,85,86,85,86,89,86,87,80,85,87,85,89,84,82
내구재 지출전망CSI,100-200만원,87,87,83,87,86,86,87,89,89,91,91,88,91,85,91,87,85,87,82,85,85,86,87,84,86,86,87,87,86,83,85,86,86,82,86,87,82,84,84,86,86,85,87,89,85,86,85,84,84,81,84,80,87,85,85,86,83,81,86,85,86,86,85,90,86,84,82,82,90,94,88,87,86,86,88,88,88,87,87,84,86,90,87,84,84,82,76,70,77,77,81,81,78,76,82,73,78,78,81,80,82,87,85,85,83,89,88,84,86,84,88,81,88,83,79,83,83,85,84,87,87,81,88,87,88,92,87,88,89,85,85,87,93,86,83,86,89,84,90,88,83,88
내구재 지출전망CSI,200-300만원,85,88,85,85,86,85,87,88,86,89,89,92,89,89,91,91,91,94,90,92,98,90,89,88,90,86,86,85,92,88,86,92,88,91,89,91,88,86,87,89,86,89,85,87,89,90,87,88,84,86,86,88,91,91,92,91,88,90,92,96,89,94,91,88,91,91,89,87,94,95,92,92,93,91,93,91,92,94,88,92,92,94,93,93,91,92,85,77,79,81,81,85,82,86,89,85,87,87,85,88,90,92,91,89,87,90,90,89,89,88,89,90,86,86,89,91,92,92,92,89,92,93,90,93,95,96,94,95,94,93,91,93,97,94,93,94,94,95,96,91,95,96
내구재 지출전망CSI,300-400만원,89,87,92,85,90,92,89,94,94,94,97,95,96,94,94,94,98,94,94,94,92,93,93,96,97,95,97,95,95,94,92,94,96,96,100,92,96,96,95,90,90,91,94,97,94,96,92,91,94,93,97,97,99,100,97,99,98,99,101,99,101,97,97,98,97,98,96,97,99,99,99,91,95,94,96,95,95,90,91,91,95,92,95,94,93,93,82,80,82,83,86,88,79,86,90,86,88,92,93,93,95,98,95,96,94,95,96,92,94,93,96,96,95,92,90,91,93,94,89,92,91,92,91,93,94,97,96,95,95,95,94,92,94,94,97,91,93,94,97,96,96,94
내구재 지출전망CSI,400-500만원,92,90,94,93,90,95,95,94,94,93,97,94,97,95,93,99,99,101,101,101,102,98,94,97,96,95,97,97,98,98,96,100,99,100,100,101,97,98,100,96,99,100,98,100,101,98,96,90,92,92,96,97,101,100,104,99,103,100,102,101,101,102,103,102,99,101,98,101,98,100,96,96,97,100,100,99,98,98,95,96,98,97,94,97,97,94,88,84,83,88,88,92,87,91,93,94,93,92,98,97,95,96,96,98,97,98,101,95,98,97,95,96,100,92,97,93,93,89,89,89,91,90,91,94,96,99,98,97,96,98,95,98,100,97,95,96,91,93,92,94,94,93
내구재 지출전망CSI,500만원이상,93,90,95,94,95,99,95,96,96,98,102,100,103,101,101,99,101,102,101,100,103,101,101,100,101,102,96,99,101,99,99,99,101,103,104,99,104,97,99,98,100,98,102,102,103,102,98,99,99,99,97,103,104,104,104,103,104,105,102,104,104,103,103,101,102,100,98,100,99,98,100,102,102,101,101,102,100,99,98,97,98,102,103,100,102,99,93,87,90,89,93,94,90,97,99,96,97,98,99,100,102,103,102,100,102,102,102,102,101,99,100,99,99,100,91,94,95,92,91,93,92,94,92,95,97,98,97,100,99,98,97,98,97,95,97,96,96,96,97,96,95,97
의류비 지출전망CSI,전체,97,95,98,97,98,99,98,99,98,102,104,102,101,99,101,102,102,103,100,101,103,102,102,100,100,99,100,100,100,99,99,99,102,103,103,100,98,98,99,99,98,98,98,100,102,102,98,97,96,97,98,100,101,101,101,100,103,103,103,103,101,102,102,101,101,101,100,98,100,100,97,96,96,96,97,98,97,96,94,93,96,99,98,98,96,95,86,82,86,87,89,89,85,92,94,89,90,92,94,94,96,98,95,95,96,99,99,96,96,96,98,98,98,95,92,91,94,94,92,93,91,92,94,95,97,99,98,98,97,97,97,95,96,96,97,97,96,97,97,96,96,98
의류비 지출전망CSI,100만원미만,92,88,86,89,86,91,92,91,85,94,94,91,92,90,91,88,92,90,89,91,89,93,90,86,90,87,85,86,87,81,86,86,85,90,88,83,86,84,83,84,83,87,83,90,87,87,81,83,80,84,84,86,85,84,86,85,87,92,92,86,87,83,87,86,84,85,83,85,92,89,87,84,86,88,87,86,85,84,84,83,87,92,88,88,83,86,75,72,73,79,78,77,70,81,81,73,73,79,76,83,84,87,79,85,82,89,87,78,78,83,88,81,85,88,86,77,87,86,88,85,83,85,83,89,83,86,88,89,88,91,88,92,91,87,91,89,89,89,87,93,86,89
의류비 지출전망CSI,100-200만원,94,90,91,92,92,92,92,93,94,97,99,95,97,91,94,93,93,91,92,93,94,92,93,94,91,92,93,95,95,91,93,95,99,93,95,94,88,91,94,93,92,91,92,92,92,93,90,92,87,87,85,86,88,89,88,89,91,89,89,92,93,89,87,92,90,89,89,84,96,92,88,94,90,90,90,91,92,90,91,88,87,90,89,89,85,85,77,71,79,81,81,83,79,79,84,77,79,76,81,80,83,87,83,81,84,89,86,84,86,85,86,86,88,87,82,82,87,89,88,89,86,81,88,85,92,94,87,91,89,88,86,86,91,88,86,89,91,86,87,89,87,88
의류비 지출전망CSI,200-300만원,95,96,96,95,98,97,96,99,94,99,99,101,97,98,99,100,98,105,98,99,104,99,101,96,98,96,98,96,98,96,96,95,98,100,100,98,95,95,96,95,92,95,94,96,98,99,96,95,94,94,95,98,101,101,99,95,101,100,101,102,98,99,100,98,101,100,98,95,97,100,94,92,94,93,97,95,94,96,92,91,95,95,98,97,92,92,87,79,80,83,85,84,81,89,90,87,87,87,88,89,91,94,91,90,91,92,93,91,91,88,91,95,90,88,92,92,94,97,95,93,90,96,95,98,101,99,101,99,97,95,98,95,97,97,97,96,97,98,97,95,97,101
의류비 지출전망CSI,300-400만원,98,96,104,103,98,100,99,102,102,105,108,106,103,101,105,106,106,104,103,105,106,107,106,105,104,102,105,103,101,102,101,103,103,107,108,106,103,104,104,100,100,101,100,102,106,104,101,100,101,100,103,105,103,104,104,106,106,106,106,105,106,107,106,105,104,105,105,104,103,102,102,94,97,97,96,98,100,94,98,97,99,99,101,99,98,94,84,84,86,86,89,89,83,91,96,91,89,93,97,93,95,97,96,95,98,98,100,96,98,98,99,100,100,95,90,90,92,94,89,93,91,89,93,94,94,100,98,97,95,95,95,93,93,94,97,97,94,97,97,93,94,95
의류비 지출전망CSI,400-500만원,101,98,103,98,103,104,103,102,104,105,107,103,107,102,103,105,107,111,107,106,109,106,105,105,103,102,105,104,102,106,105,102,107,105,108,105,101,99,101,103,105,102,100,103,104,107,100,99,96,99,101,102,106,107,105,103,110,107,105,107,106,108,108,107,108,105,104,106,102,105,101,101,99,98,105,103,101,99,95,96,99,103,99,103,101,99,88,84,86,91,91,96,90,98,98,94,93,96,99,103,98,100,98,98,99,100,104,98,97,96,99,100,100,96,98,96,99,94,95,94,91,90,95,94,100,100,102,98,100,101,98,99,100,98,100,98,96,97,99,98,97,100
의류비 지출전망CSI,500만원이상,101,100,103,104,105,105,102,104,103,105,109,107,107,106,107,109,108,107,106,107,109,108,110,106,108,107,106,109,108,105,105,105,108,109,107,104,106,104,104,106,105,103,107,107,109,108,106,103,103,104,105,107,107,107,108,108,107,109,109,108,105,105,106,103,105,105,104,102,103,103,101,101,99,100,100,102,100,101,97,96,99,104,103,100,101,100,92,87,93,93,95,94,90,97,99,95,97,99,102,101,103,105,101,100,103,105,104,104,103,102,104,105,105,102,93,94,97,95,92,96,94,97,98,99,100,101,99,100,99,99,100,98,97,98,100,100,99,100,100,98,98,100
외식비 지출전망CSI,전체,87,84,87,86,88,88,88,90,89,90,90,90,92,90,90,91,91,91,92,93,90,90,90,88,89,90,89,90,92,88,91,91,91,91,93,90,89,88,89,90,89,89,90,92,92,91,88,88,87,86,89,90,93,93,94,95,94,93,94,93,94,94,94,93,95,94,92,92,93,93,92,90,90,89,91,92,91,90,91,90,89,91,91,92,92,89,77,75,80,82,82,85,77,84,87,81,84,88,90,90,93,97,91,91,93,96,99,92,93,93,96,98,100,96,91,92,92,91,89,91,90,90,91,94,96,97,97,99,96,94,92,95,96,95,95,96,94,95,97,95,95,95
외식비 지출전망CSI,100만원미만,85,74,78,78,78,78,80,78,75,83,84,83,82,79,78,76,83,79,82,83,78,79,80,74,79,78,72,75,79,66,76,74,75,82,83,73,78,72,72,69,72,78,75,77,79,76,74,75,69,71,74,75,76,76,80,77,76,83,86,78,77,79,83,72,81,80,75,72,81,78,77,74,83,77,75,77,76,76,76,79,78,81,77,82,81,76,64,59,65,74,67,69,58,68,69,62,66,67,67,73,75,76,68,79,73,81,76,70,70,72,79,77,81,78,82,73,85,81,82,79,84,82,79,80,77,83,83,86,82,88,82,86,90,82,85,85,81,86,87,86,84,81
외식비 지출전망CSI,100-200만원,85,81,81,79,80,78,80,85,83,81,84,82,85,85,86,83,78,79,82,82,80,82,82,80,81,82,80,81,84,79,83,83,82,80,82,83,75,81,82,81,83,80,82,82,82,79,78,81,78,75,75,75,81,82,83,83,82,81,84,83,82,82,83,83,82,85,82,81,86,86,83,82,79,81,84,83,84,81,84,82,75,79,82,85,81,79,66,63,73,73,74,78,71,73,77,69,70,72,77,74,79,80,76,77,77,83,84,76,78,78,84,80,87,83,81,78,79,82,78,81,80,78,83,79,86,90,82,88,85,85,77,85,86,85,85,84,86,81,83,87,82,86
외식비 지출전망CSI,200-300만원,82,81,82,81,85,84,84,87,84,86,85,87,86,88,88,88,87,87,90,91,89,85,86,83,85,87,85,87,88,85,85,86,88,90,90,88,84,86,87,88,84,85,86,87,87,88,83,83,85,82,84,86,90,88,90,90,91,88,91,90,89,90,90,87,92,90,90,88,92,94,90,87,86,87,90,91,89,90,86,87,88,90,87,88,88,85,76,72,77,81,77,81,74,82,84,78,78,82,83,85,88,92,88,85,86,89,92,84,88,86,85,92,89,89,92,94,93,93,91,92,88,90,87,95,94,96,98,99,94,93,94,95,96,95,93,94,93,94,95,93,96,95
외식비 지출전망CSI,300-400만원,87,84,93,87,86,90,91,93,93,91,92,93,95,92,94,93,96,94,92,97,92,94,93,94,90,93,94,91,95,91,94,93,92,92,93,94,94,93,90,92,90,90,94,96,95,94,90,90,89,90,93,92,95,98,96,102,97,97,96,95,100,97,96,96,99,97,95,95,92,92,91,91,91,89,88,92,91,90,93,88,89,90,93,92,91,86,78,75,79,80,80,83,75,83,86,81,83,87,90,87,91,98,89,91,93,95,96,91,94,92,97,96,98,93,91,92,92,92,89,92,91,91,90,95,96,99,98,98,97,94,92,93,94,95,98,95,93,94,96,93,94,93
외식비 지출전망CSI,400-500만원,87,86,88,89,92,94,93,95,92,91,92,93,94,89,91,97,95,94,96,97,93,92,93,91,93,89,91,92,96,91,95,92,95,91,96,94,92,88,93,93,94,93,91,91,94,95,92,90,89,90,94,93,96,97,95,97,98,98,97,95,97,97,98,99,96,96,96,98,94,97,93,96,96,93,98,97,96,92,93,91,91,97,94,94,96,93,79,79,82,80,86,91,79,89,92,85,88,94,96,97,98,99,92,95,95,97,104,92,96,96,98,97,105,98,98,93,95,92,91,94,93,90,91,96,98,101,101,102,96,96,93,96,99,98,98,97,95,95,97,95,96,97
외식비 지출전망CSI,500만원이상,96,91,97,97,98,97,95,97,98,101,99,97,101,100,98,101,100,102,103,100,102,99,101,99,100,100,98,101,102,97,103,102,100,102,102,98,100,96,98,100,99,98,99,101,99,99,98,94,94,93,98,100,101,102,104,103,102,100,100,102,101,101,100,102,103,100,97,97,99,99,100,95,95,95,96,99,98,97,97,98,97,97,98,97,99,96,84,82,87,89,89,92,84,92,96,90,96,98,101,99,101,108,101,99,103,106,110,104,102,102,107,110,110,105,94,96,95,93,90,93,93,94,96,98,101,99,100,102,99,98,96,98,99,97,98,101,99,101,101,99,99,98
여행비 지출전망CSI,전체,82,81,84,84,86,88,88,87,85,88,88,87,91,91,92,94,90,93,94,90,91,89,89,88,90,91,91,92,94,89,93,90,91,92,92,91,89,89,92,93,92,92,95,91,92,91,88,89,90,90,93,96,97,98,99,95,95,95,97,96,96,96,98,97,98,97,96,92,91,92,89,88,89,89,91,93,93,92,92,87,86,90,90,91,92,83,67,59,64,64,68,71,60,72,78,69,72,76,83,82,86,97,84,84,86,95,99,86,87,89,93,101,104,99,92,87,91,91,89,90,90,91,94,97,99,101,101,99,97,95,93,95,96,95,97,97,96,99,100,97,95,96
여행비 지출전망CSI,100만원미만,74,73,70,72,73,73,75,71,71,81,79,78,77,79,77,73,79,75,72,74,77,76,74,72,75,75,70,71,75,61,70,73,71,75,74,71,71,69,71,68,66,71,75,79,77,72,69,69,67,73,77,76,80,77,80,74,76,79,82,73,78,77,78,72,77,80,77,73,76,74,69,68,78,71,73,70,75,68,72,73,76,75,73,77,76,72,58,54,54,57,59,56,48,61,59,57,60,63,61,66,67,74,63,73,68,77,73,65,67,68,77,73,77,78,73,68,77,77,74,81,77,70,68,75,70,74,75,79,76,78,80,74,75,75,70,77,77,82,79,84,80,73
여행비 지출전망CSI,100-200만원,76,78,75,73,72,75,74,79,77,80,77,76,78,81,79,81,73,79,78,78,76,78,78,75,76,79,79,79,80,75,79,78,82,80,78,77,73,80,79,84,82,83,82,78,80,83,79,79,77,73,74,78,82,82,81,83,80,80,81,80,85,80,81,85,81,82,82,75,80,78,73,74,73,74,77,79,78,77,80,75,70,75,76,78,77,73,57,54,58,61,65,65,57,62,67,57,60,62,71,62,69,74,70,69,66,80,82,70,72,73,74,80,82,81,76,68,75,78,75,77,77,77,80,78,82,88,84,82,82,78,74,80,79,77,79,81,80,80,80,79,79,78
여행비 지출전망CSI,200-300만원,73,77,77,79,81,80,83,83,77,81,79,81,84,86,88,89,84,86,88,85,86,83,83,79,86,88,85,87,87,86,85,84,84,87,90,88,84,84,89,85,85,84,86,83,82,84,80,82,83,83,83,87,87,89,91,86,85,89,91,91,90,91,93,88,93,92,88,85,84,89,89,84,83,87,89,89,87,90,84,79,80,88,85,83,86,75,65,56,63,62,60,65,59,65,71,64,65,67,72,76,78,87,76,76,75,83,89,74,80,80,82,90,91,87,90,86,86,89,88,88,86,91,91,96,99,98,100,98,91,91,92,91,92,91,96,93,92,96,99,92,93,95
여행비 지출전망CSI,300-400만원,83,81,92,87,86,92,90,89,89,89,89,87,92,94,93,93,92,96,98,93,92,91,90,94,91,93,93,92,95,90,97,92,93,93,90,91,94,95,92,94,93,93,98,91,93,91,86,89,89,92,95,101,97,99,103,100,102,96,97,94,98,97,101,101,101,99,97,93,91,91,87,83,91,89,88,94,94,90,93,88,85,88,88,92,91,84,68,59,64,65,68,70,58,70,77,70,71,74,81,79,86,96,84,84,88,91,98,85,88,86,94,100,102,94,90,89,93,92,87,88,91,90,93,96,98,102,100,99,98,95,90,90,93,95,97,95,94,97,98,93,92,93
여행비 지출전망CSI,400-500만원,90,83,86,89,93,97,95,90,86,91,93,94,96,90,95,102,99,102,103,96,99,94,94,92,93,91,94,98,99,95,94,93,95,92,98,97,92,91,97,102,101,99,98,97,94,96,94,95,95,98,100,103,105,103,105,100,100,100,101,101,100,102,106,102,102,102,101,101,92,98,94,96,94,95,98,97,99,98,97,89,90,91,90,94,94,85,68,63,65,65,70,74,59,77,82,71,73,81,89,88,90,99,86,88,86,96,100,88,88,89,94,99,108,99,99,91,94,91,89,90,89,87,94,96,98,100,104,100,98,96,91,98,100,97,99,99,98,95,99,97,95,98
여행비 지출전망CSI,500만원이상,93,92,99,99,101,103,103,98,100,102,104,103,106,107,109,110,105,108,107,103,107,104,106,103,103,105,107,109,110,105,112,105,104,106,107,105,103,101,103,106,105,107,110,105,106,104,102,101,104,103,107,107,110,112,113,107,107,108,112,110,107,107,107,109,109,107,107,102,103,101,99,102,100,99,101,104,104,104,104,99,97,102,102,101,103,92,72,63,70,68,74,78,65,80,89,78,82,88,96,93,98,113,96,93,99,108,114,100,98,101,106,116,118,114,99,95,98,99,96,98,96,100,102,106,108,110,109,106,104,102,102,103,103,102,104,107,104,108,109,106,102,103
교육비 지출전망CSI,전체,106,106,105,104,102,103,104,104,101,104,106,107,109,108,108,106,107,106,106,107,108,107,109,109,110,112,110,107,107,105,107,106,108,107,109,108,109,110,110,107,107,105,107,106,108,107,107,108,108,109,109,106,106,106,106,107,106,107,108,108,110,109,107,106,106,105,105,106,101,101,101,103,105,104,104,102,101,101,100,100,101,101,103,103,105,103,95,92,94,95,96,97,93,97,99,96,99,100,102,99,100,101,100,101,101,103,103,103,104,104,104,103,102,102,97,97,99,97,96,99,100,101,99,99,99,100,100,100,101,100,100,103,102,101,102,101,100,99,101,101,100,101
교육비 지출전망CSI,100만원미만,90,90,86,88,83,86,86,83,79,86,85,86,89,86,91,82,87,87,84,85,82,89,92,87,91,87,86,87,87,83,86,88,87,90,93,84,91,88,88,83,87,87,83,83,85,80,82,83,85,80,82,89,84,87,87,87,88,93,90,83,91,93,88,85,92,90,89,91,86,85,81,82,87,86,87,87,86,85,85,87,88,88,83,90,86,88,77,77,78,78,78,78,71,79,79,73,80,79,84,84,84,84,82,86,87,87,85,83,82,85,88,83,91,90,85,87,88,81,84,82,91,84,81,86,86,86,82,88,92,92,85,87,87,87,90,90,88,87,85,87,91,84
교육비 지출전망CSI,100-200만원,99,96,97,95,93,96,98,96,92,98,97,99,97,100,98,99,94,95,95,96,98,96,98,100,101,104,103,99,102,96,97,98,103,96,99,100,95,99,106,104,100,98,101,97,101,99,98,99,99,98,100,96,98,98,96,97,96,94,97,98,100,100,96,98,95,94,96,92,88,89,86,92,91,91,92,90,91,90,88,89,85,91,91,90,94,90,84,80,84,87,89,90,85,85,89,83,83,86,90,81,86,89,89,88,88,92,92,89,90,92,93,90,90,90,87,85,88,88,87,91,91,89,85,87,89,88,88,88,91,90,86,94,91,89,92,89,89,87,90,92,88,91
교육비 지출전망CSI,200-300만원,102,103,103,102,101,100,100,101,95,100,103,102,105,105,105,104,105,104,103,105,107,102,104,103,107,105,104,105,102,102,102,100,104,102,104,102,106,103,103,100,101,100,101,99,103,102,102,100,102,106,105,104,103,103,101,105,103,106,105,106,104,107,106,105,104,101,104,106,98,97,97,95,97,97,97,97,94,98,95,93,96,98,99,98,99,99,91,89,89,90,88,90,89,93,95,94,93,94,95,93,95,96,93,93,93,96,94,96,95,96,95,96,93,93,89,90,92,93,91,92,92,95,92,93,94,96,96,95,92,96,94,94,96,94,93,95,93,94,96,96,94,96
교육비 지출전망CSI,300-400만원,112,114,113,109,106,106,109,109,109,110,112,113,113,116,116,110,115,112,112,112,114,115,115,116,116,118,118,110,111,110,114,112,111,110,116,115,116,119,115,110,110,109,111,111,110,114,109,113,115,114,115,111,111,113,112,113,111,110,113,112,117,112,111,111,110,112,109,112,106,106,103,106,109,110,108,106,106,104,105,104,103,102,105,107,107,108,96,93,98,96,100,98,92,99,102,97,100,102,105,103,100,103,100,103,103,103,105,105,105,107,106,103,104,103,96,97,98,95,93,98,96,98,101,96,96,99,97,96,97,96,98,99,97,99,100,98,96,97,100,98,98,100
교육비 지출전망CSI,400-500만원,114,112,115,110,108,112,113,114,111,110,111,115,116,115,114,113,116,114,117,118,114,117,116,118,117,118,116,116,114,113,115,115,115,114,116,117,118,118,120,117,118,113,117,116,116,114,119,119,117,119,117,112,110,112,111,113,115,114,115,116,116,115,113,109,111,107,108,111,108,110,109,111,113,113,111,108,105,107,102,105,108,106,108,110,110,109,101,95,99,99,99,102,97,103,105,102,105,104,108,107,103,105,105,106,105,108,108,108,110,107,109,104,106,107,104,99,100,99,97,101,102,102,102,104,102,100,104,105,106,103,105,107,108,106,104,105,104,102,102,102,103,102
교육비 지출전망CSI,500만원이상,113,112,110,111,111,109,110,111,107,112,114,115,118,115,114,112,112,113,113,113,114,112,115,117,118,120,114,112,113,112,113,112,112,115,113,112,115,116,115,111,111,112,112,112,113,111,111,113,112,114,113,111,110,107,112,110,110,110,112,114,114,113,111,111,108,109,108,110,107,107,109,111,113,112,111,109,108,106,109,107,109,107,110,109,111,108,102,99,101,101,103,105,101,105,106,104,107,109,110,106,107,108,107,109,109,108,109,111,113,112,111,111,110,107,103,105,106,105,105,106,108,110,107,107,105,107,106,106,107,105,107,110,109,108,110,107,107,106,108,107,107,106
의료·보건비 지출전망CSI,전체,110,108,111,110,110,111,110,111,107,112,113,113,114,112,113,112,114,113,112,114,114,114,112,112,112,113,112,112,112,112,112,111,113,112,113,112,111,112,111,111,113,111,112,112,112,113,112,111,111,111,111,111,110,110,111,112,112,112,112,111,112,111,110,112,112,110,112,111,113,115,114,113,114,112,113,113,113,112,112,110,112,112,112,113,113,112,110,107,107,108,109,110,108,109,110,110,109,110,110,110,110,111,110,111,111,111,112,113,112,112,112,111,112,112,113,113,113,113,113,112,113,112,112,113,112,114,114,113,113,113,113,113,113,113,113,112,112,113,113,113,113,113
의료·보건비 지출전망CSI,100만원미만,107,108,114,109,110,109,111,113,102,111,114,114,115,116,116,113,111,112,109,114,116,118,110,110,112,113,111,107,112,106,107,111,117,115,112,114,114,111,112,112,112,113,115,116,112,115,113,114,114,115,116,113,107,107,110,115,112,116,113,110,116,116,114,116,114,109,116,112,115,112,116,113,115,111,111,118,115,112,114,111,113,115,111,114,113,115,109,104,106,103,109,111,101,106,111,108,109,110,113,116,112,112,109,114,115,116,114,118,117,116,121,117,123,121,110,109,115,115,113,110,113,113,111,111,110,115,115,117,111,117,114,116,114,113,111,117,115,119,118,119,121,113
의료·보건비 지출전망CSI,100-200만원,110,109,111,111,108,111,109,110,107,115,116,117,114,112,113,115,114,114,112,116,115,116,112,113,115,115,115,114,113,115,113,113,116,112,114,114,110,116,115,114,116,112,118,113,111,116,116,113,114,113,111,112,112,112,113,115,110,114,111,112,113,111,111,112,111,115,110,108,113,119,117,115,112,111,116,116,115,113,117,111,113,116,115,117,119,117,109,107,110,111,114,113,112,113,111,112,112,114,114,114,114,114,116,112,118,113,115,116,120,117,118,115,117,118,116,115,116,119,116,116,115,113,117,118,113,117,116,111,119,116,111,116,116,118,117,113,115,115,116,119,114,118
의료·보건비 지출전망CSI,200-300만원,111,111,114,110,112,112,110,108,106,113,113,113,115,114,114,111,114,115,114,116,115,114,114,112,113,114,110,111,111,112,112,111,113,114,113,113,112,112,111,110,112,112,112,112,113,114,114,112,112,114,115,111,111,111,111,114,113,116,113,111,113,111,109,110,111,108,115,111,116,117,114,116,115,115,116,114,115,116,113,109,113,112,113,114,114,114,108,107,106,108,107,110,108,111,111,110,111,109,110,109,111,113,112,113,112,112,115,113,111,113,113,114,113,115,114,113,114,114,113,113,114,114,112,114,112,114,117,115,113,114,115,113,114,117,114,113,111,113,113,114,114,113
의료·보건비 지출전망CSI,300-400만원,111,106,111,109,110,110,111,110,110,112,113,112,114,113,113,113,115,110,113,113,111,111,111,114,111,113,114,113,113,113,113,113,112,111,113,115,112,114,110,110,112,110,113,112,114,113,111,110,111,111,110,111,113,111,112,112,114,111,115,115,115,114,112,114,114,113,115,115,113,113,114,112,115,111,113,111,112,113,113,112,113,112,112,113,112,111,109,109,107,108,111,110,110,110,111,109,109,111,111,111,112,114,110,112,113,112,113,114,113,114,111,112,110,113,114,114,115,113,113,112,110,113,113,111,111,115,113,113,112,111,114,114,112,113,115,113,112,114,115,113,113,112
의료·보건비 지출전망CSI,400-500만원,111,107,108,108,109,112,109,113,108,111,112,113,113,111,112,113,112,115,115,111,112,113,113,113,112,111,113,111,113,112,113,111,114,113,114,111,112,111,110,109,114,111,110,111,110,112,110,110,109,107,111,109,106,109,111,110,111,111,110,110,109,112,111,112,109,109,109,111,112,114,114,114,112,112,114,113,112,110,110,110,111,111,111,113,113,112,112,106,105,108,108,109,107,109,111,112,109,109,108,109,110,109,110,110,109,108,111,112,110,112,112,109,109,109,115,116,111,113,115,111,115,112,111,113,116,113,114,115,114,112,115,115,114,111,113,112,110,112,114,114,114,114
의료·보건비 지출전망CSI,500만원이상,109,108,108,110,111,110,110,111,106,110,111,111,114,109,113,110,113,111,110,113,112,113,112,111,111,110,110,112,112,111,110,109,111,109,110,108,110,111,108,111,112,111,110,110,111,111,111,110,108,108,109,110,109,108,109,108,111,109,109,109,109,107,109,110,111,109,109,108,112,114,113,111,114,110,111,112,110,110,110,109,110,111,110,111,112,110,110,106,106,106,108,108,106,107,108,108,107,108,107,107,107,108,107,109,109,110,109,110,110,110,109,108,109,108,111,112,112,111,111,112,111,111,112,112,112,113,112,111,112,112,112,112,112,112,110,110,111,112,109,110,111,111
교양·오락·문화생활비 지출전망CSI,전체,89,86,87,87,88,88,89,90,89,90,90,90,91,91,91,91,90,90,91,92,91,88,89,88,90,90,88,90,92,86,89,90,90,90,91,89,89,88,89,87,88,87,89,89,89,89,87,86,86,86,87,89,91,92,91,92,90,91,93,91,92,92,91,92,92,90,89,89,94,92,90,91,91,91,91,91,91,92,90,90,89,90,90,91,91,88,77,74,76,77,79,82,74,81,85,79,82,85,88,87,89,95,89,88,89,93,96,89,90,90,93,95,97,94,93,91,93,92,89,92,91,91,92,93,94,96,95,95,94,93,91,92,94,93,93,94,92,93,94,93,92,92
교양·오락·문화생활비 지출전망CSI,100만원미만,82,78,79,82,81,83,83,78,79,86,82,83,83,82,83,79,84,79,78,86,80,81,80,76,84,82,77,80,80,70,77,81,80,81,81,75,76,76,80,74,78,79,78,85,82,78,77,80,72,78,79,77,82,83,80,80,79,86,86,78,79,81,84,80,79,83,78,78,89,77,77,80,83,81,81,80,78,81,79,82,86,81,79,85,81,81,67,63,65,71,68,70,59,69,71,67,69,68,68,73,76,77,71,77,76,79,78,70,71,74,81,77,79,81,79,77,83,83,81,84,84,82,77,80,77,77,82,82,82,82,84,82,87,85,85,83,85,84,84,86,84,82
교양·오락·문화생활비 지출전망CSI,100-200만원,89,84,81,80,78,80,84,83,82,86,84,82,86,85,87,84,81,81,82,83,84,81,81,81,83,85,81,84,88,81,82,83,86,85,85,82,78,81,83,81,82,82,82,84,84,82,81,81,82,79,78,82,81,82,81,82,80,82,85,82,86,84,84,83,83,83,81,80,87,87,83,84,82,81,83,85,84,89,85,82,77,80,82,86,83,81,70,66,70,72,76,78,71,71,77,68,70,74,78,74,79,78,78,81,78,84,83,78,81,81,80,84,85,81,85,84,84,88,84,87,80,83,87,80,83,89,83,84,86,85,79,84,87,85,80,86,85,81,83,86,81,84
교양·오락·문화생활비 지출전망CSI,200-300만원,86,82,82,82,86,83,85,87,83,86,84,87,87,89,88,87,86,87,90,90,88,84,85,82,86,85,83,86,87,83,84,89,85,88,89,88,82,84,87,84,83,81,84,84,83,86,84,81,83,83,82,82,87,87,87,89,84,85,90,88,87,88,83,85,85,86,84,84,91,92,89,89,90,89,89,87,89,91,85,85,88,88,88,86,89,82,74,68,74,75,74,77,72,77,81,74,77,78,82,81,82,90,83,81,83,87,89,83,85,83,83,89,87,87,95,91,97,94,90,93,88,93,93,95,93,99,96,97,93,94,93,94,93,91,93,94,94,95,94,92,93,94
교양·오락·문화생활비 지출전망CSI,300-400만원,88,85,92,86,88,90,90,91,90,91,92,93,94,92,93,90,93,90,92,94,92,91,90,91,92,94,92,91,93,86,90,91,93,90,90,88,92,91,88,87,88,87,89,89,90,88,87,87,87,86,90,92,91,93,92,96,93,92,94,90,93,90,95,95,95,91,91,91,93,89,90,89,93,90,88,92,91,89,90,89,89,90,91,89,92,90,78,73,77,76,77,80,71,81,85,79,80,83,87,87,89,94,89,86,90,90,94,88,91,89,94,92,98,92,91,91,94,90,90,91,96,90,92,93,94,97,99,96,97,93,94,92,91,92,94,94,90,91,94,91,90,90
교양·오락·문화생활비 지출전망CSI,400-500만원,90,89,90,91,92,93,93,93,92,90,93,95,93,91,92,97,94,97,95,94,97,90,92,91,89,87,88,88,93,89,91,91,91,87,95,92,92,88,90,93,92,91,91,88,92,93,88,88,91,90,88,91,94,95,97,93,95,96,97,93,93,97,95,99,97,95,96,97,94,96,95,96,93,95,99,92,92,92,92,89,88,90,89,94,93,88,79,76,75,76,80,84,74,85,88,84,84,89,93,91,92,96,89,89,86,93,99,89,90,90,92,95,99,95,97,92,93,92,90,92,90,89,91,92,94,95,99,98,93,94,91,93,98,95,95,95,93,92,92,93,94,93
교양·오락·문화생활비 지출전망CSI,500만원이상,97,94,97,97,98,100,97,99,99,99,100,99,100,100,99,99,99,98,101,100,101,97,100,98,100,100,97,100,100,97,98,98,99,100,98,97,100,95,96,94,97,95,99,98,97,98,95,93,92,93,95,96,98,99,99,99,98,100,100,99,99,98,98,97,100,94,94,93,99,99,96,97,96,97,98,99,97,98,97,97,97,96,96,98,97,94,83,81,82,82,85,88,81,88,92,86,93,94,97,95,97,105,98,95,99,102,105,99,98,98,102,104,107,102,95,96,95,95,92,93,94,94,95,98,99,99,97,98,96,97,93,95,96,95,96,97,95,97,98,96,95,95
교통비 및 통신비 지출전망CSI,전체,113,110,112,109,109,108,109,110,116,111,112,112,112,112,112,110,111,110,111,111,111,112,112,113,113,114,111,113,111,112,113,111,112,111,111,111,112,111,110,109,108,110,110,110,110,110,110,110,111,111,110,110,109,108,108,108,109,109,109,109,111,110,110,109,109,110,108,109,108,109,108,108,108,110,109,109,112,109,107,106,107,107,107,108,109,106,99,97,99,100,101,102,99,102,104,101,103,104,106,105,105,107,106,106,106,109,111,107,109,108,113,112,112,115,114,112,110,112,110,110,114,117,112,111,109,111,110,113,113,115,113,110,111,110,110,109,108,107,109,108,107,107
교통비 및 통신비 지출전망CSI,100만원미만,110,102,110,106,101,105,106,106,115,109,110,113,110,111,113,104,104,108,109,105,107,105,106,105,107,112,102,105,101,105,104,107,106,105,107,107,108,103,102,102,103,108,104,105,102,105,100,105,105,100,104,107,104,103,102,102,100,106,105,102,106,101,105,105,106,110,110,107,107,104,105,104,106,106,105,106,111,109,106,108,105,110,105,106,104,104,96,91,92,95,99,98,95,97,103,97,99,103,104,104,105,102,98,101,100,106,105,104,102,103,111,108,104,110,101,101,107,110,107,109,108,108,104,103,102,102,100,110,110,112,110,106,106,107,104,104,103,106,106,107,105,105
교통비 및 통신비 지출전망CSI,100-200만원,113,109,112,107,110,106,108,107,118,112,112,113,115,112,113,110,109,110,110,111,113,112,110,113,113,115,111,114,113,113,115,112,115,111,114,113,110,113,111,111,109,109,111,110,110,111,111,108,111,110,112,110,110,107,110,106,108,108,111,109,114,107,110,109,111,109,106,107,106,107,108,105,106,109,108,107,112,107,107,105,103,104,106,107,108,107,97,93,97,96,101,101,96,97,102,95,98,101,104,104,101,107,104,103,103,107,108,104,106,105,111,109,110,113,110,106,106,110,110,108,111,115,111,108,109,109,109,108,115,117,107,108,111,107,109,108,109,107,109,107,106,108
교통비 및 통신비 지출전망CSI,200-300만원,112,109,111,109,108,108,109,110,115,111,111,111,110,111,110,107,109,111,110,109,109,110,110,110,113,112,109,113,110,112,112,112,112,111,109,110,111,109,110,106,106,110,107,109,110,110,110,112,110,109,110,110,106,107,106,108,109,108,108,109,109,111,109,110,111,110,108,108,109,109,109,108,108,112,109,111,112,112,109,107,107,106,107,108,110,106,99,97,99,102,100,103,101,102,104,100,101,102,103,103,104,108,104,106,104,109,109,107,109,107,113,112,109,113,114,114,112,115,109,112,114,119,114,112,109,112,110,114,112,113,114,112,112,113,110,109,109,107,111,110,109,109
교통비 및 통신비 지출전망CSI,300-400만원,113,110,114,110,108,108,111,112,116,111,112,113,112,112,112,112,113,109,112,111,110,111,112,116,114,113,113,114,112,112,113,111,112,110,112,113,112,111,111,109,108,109,112,110,111,108,110,110,113,112,111,113,111,111,109,111,111,109,111,110,113,110,111,109,109,112,109,109,107,110,111,107,110,108,109,111,114,110,108,106,107,109,110,109,109,107,99,98,101,100,103,102,101,103,104,103,105,107,107,106,106,107,107,105,108,109,112,108,109,110,111,112,115,116,115,111,111,110,109,110,115,121,112,110,110,111,111,115,113,115,112,109,111,111,109,110,108,108,109,107,105,105
교통비 및 통신비 지출전망CSI,400-500만원,113,114,114,109,110,112,110,116,119,111,116,115,113,114,113,112,116,114,113,114,115,116,115,114,111,115,112,113,114,114,116,110,111,112,112,112,115,115,112,112,111,111,112,111,110,114,111,111,114,113,111,109,110,107,112,109,111,111,110,110,111,112,111,110,111,111,108,110,109,112,108,111,108,110,110,107,113,108,106,103,108,105,109,108,111,106,101,101,100,100,102,103,98,102,104,101,103,104,106,107,108,107,105,108,104,108,111,108,111,110,117,114,113,113,119,114,111,114,112,113,117,117,115,113,111,112,113,113,115,117,115,110,113,111,111,108,108,107,109,107,107,107
교통비 및 통신비 지출전망CSI,500만원이상,113,111,112,110,111,110,107,110,113,111,112,112,113,112,113,111,111,109,110,112,113,112,115,116,115,115,113,114,112,111,113,111,113,113,112,112,112,112,111,110,110,110,110,110,111,109,111,109,109,111,110,108,108,109,108,109,109,109,109,108,111,110,109,109,108,107,109,109,107,108,108,108,107,110,109,109,111,108,107,106,108,108,106,108,110,107,100,99,100,101,102,103,100,104,104,102,106,106,107,105,106,107,108,106,108,110,114,109,110,110,113,113,114,116,116,114,111,112,109,109,113,116,113,112,110,111,110,112,113,116,113,111,110,110,110,109,109,107,109,108,107,107
주거비 지출전망CSI,전체,108,105,106,104,105,104,104,106,116,107,106,107,107,106,105,106,106,106,105,105,106,106,107,107,106,106,105,106,106,105,106,106,108,108,107,106,105,105,106,105,106,106,106,105,105,105,106,104,104,104,104,103,104,104,105,105,104,104,104,104,105,104,103,104,103,103,103,103,108,108,106,105,105,103,103,103,103,102,102,103,103,103,105,105,105,103,101,99,99,101,104,106,104,105,106,106,106,105,105,105,104,105,105,106,106,106,106,105,105,105,106,105,106,107,111,110,109,110,108,109,108,108,106,106,105,106,105,106,107,107,107,107,106,106,105,105,105,104,105,105,106,105
주거비 지출전망CSI,100만원미만,106,101,105,105,100,99,102,106,122,105,104,109,106,103,101,97,100,100,99,97,98,102,100,102,102,100,96,101,99,99,97,96,101,102,99,98,102,98,100,100,101,102,98,98,98,98,98,96,99,96,94,99,98,100,98,100,97,95,97,96,98,96,97,98,99,101,102,103,108,108,98,102,100,100,100,104,105,102,102,102,103,105,103,106,102,100,99,94,97,97,103,106,104,107,109,107,106,105,108,108,107,108,106,107,109,105,104,107,104,110,103,107,108,108,107,101,107,111,102,106,103,103,105,106,101,102,106,102,107,105,103,103,105,105,107,100,104,98,100,101,103,99
주거비 지출전망CSI,100-200만원,107,106,107,104,105,103,105,104,119,107,106,107,107,106,104,106,104,105,102,104,106,106,104,106,106,107,105,103,108,104,105,107,108,107,107,105,103,104,105,105,105,104,106,103,105,105,106,106,106,103,106,103,106,104,107,106,104,105,104,100,106,102,104,103,105,104,103,103,105,110,103,105,102,103,103,104,103,103,102,101,103,100,105,103,105,102,100,96,96,97,104,104,102,101,106,103,102,105,105,102,102,102,102,104,102,106,102,102,107,102,108,105,103,106,109,105,106,109,105,106,105,107,104,103,103,105,106,104,106,105,104,106,106,101,105,101,105,106,108,103,104,106
주거비 지출전망CSI,200-300만원,109,106,106,103,106,105,105,104,118,106,106,105,106,106,106,106,106,106,106,105,107,108,108,108,108,106,104,107,107,105,106,109,109,110,106,107,106,105,107,103,105,108,106,105,103,105,105,104,103,105,104,105,105,105,105,106,104,105,104,107,105,105,104,104,103,102,102,103,108,107,105,104,105,103,102,102,104,104,102,102,102,103,104,105,106,104,100,99,99,101,102,103,103,104,105,106,106,103,104,106,104,107,105,107,106,108,107,105,106,103,105,104,104,107,112,114,110,115,110,111,109,112,108,107,106,108,105,108,108,108,108,108,105,107,107,108,108,106,108,107,109,107
주거비 지출전망CSI,300-400만원,108,105,108,107,104,107,102,106,117,108,107,107,107,108,106,108,108,106,106,106,106,103,107,107,107,107,108,108,107,108,106,107,110,108,109,108,105,107,108,105,107,106,107,107,107,106,105,106,105,105,106,102,105,104,105,104,106,103,106,105,105,105,104,104,106,104,104,104,113,109,110,107,107,105,105,104,106,102,105,103,104,103,105,106,106,104,100,101,100,103,105,106,107,105,106,104,105,105,104,105,105,104,107,105,106,106,107,106,107,107,106,107,110,109,114,113,111,111,109,112,110,109,111,108,108,109,107,108,107,109,109,108,107,107,106,105,104,106,105,105,106,107
주거비 지출전망CSI,400-500만원,110,107,107,104,106,104,104,108,113,109,106,108,107,105,106,107,108,107,106,106,108,109,110,108,107,105,105,106,106,107,106,105,109,108,111,108,107,107,107,107,104,106,107,104,106,107,108,105,104,104,103,105,105,106,107,106,105,105,104,105,106,106,104,106,103,104,105,107,106,106,107,107,108,104,103,103,101,101,102,102,102,105,104,102,102,102,102,99,100,101,101,104,103,102,104,106,106,104,104,105,103,103,103,105,105,105,106,106,103,104,106,104,106,104,114,109,109,107,108,109,110,108,105,106,109,109,106,108,109,109,109,108,108,106,106,106,106,103,105,105,106,107
주거비 지출전망CSI,500만원이상,106,106,106,104,105,104,103,108,112,106,108,108,109,108,106,105,108,107,107,108,107,107,107,108,106,107,106,107,106,106,107,107,106,108,107,106,107,106,105,106,107,106,107,106,107,105,106,104,103,103,105,102,103,104,104,103,103,104,102,102,103,105,103,104,102,103,101,101,108,107,106,105,103,103,102,104,103,102,101,104,103,104,106,106,106,103,102,100,101,104,106,108,105,108,108,106,108,106,105,105,106,105,106,106,106,107,106,106,105,105,106,106,106,107,110,110,109,109,107,107,107,108,105,104,103,103,104,104,106,106,107,105,105,105,104,103,104,103,104,104,104,104
현재가계저축CSI,전체,85,86,87,87,87,87,88,88,86,89,88,88,90,90,88,88,87,87,87,88,89,88,87,87,87,86,87,89,89,88,87,87,88,89,88,88,88,87,88,89,89,87,87,90,89,90,87,87,87,89,89,89,91,93,92,92,91,91,93,91,91,91,91,91,92,90,91,89,92,92,90,91,91,93,92,95,93,92,93,89,92,93,93,92,95,94,88,84,86,88,88,90,87,89,92,89,92,92,93,94,95,95,94,94,94,93,94,93,94,94,94,95,92,90,87,88,90,87,88,88,87,89,89,92,91,91,93,93,93,91,91,93,94,93,94,93,92,93,94,92,92,95
현재가계저축CSI,100만원미만,70,72,79,80,74,80,78,78,69,80,79,80,80,74,78,77,80,77,80,81,79,79,79,83,74,77,78,80,78,72,75,76,79,80,78,78,80,76,75,73,78,76,75,79,81,82,78,76,76,77,78,77,75,80,83,78,77,83,79,76,79,74,76,74,79,81,80,72,78,81,73,73,78,78,78,77,76,75,77,77,83,79,76,76,82,77,64,59,67,69,66,66,63,70,71,67,67,68,64,69,76,73,74,77,76,74,68,70,68,68,69,75,71,72,74,72,78,81,76,79,68,74,73,76,78,74,82,77,77,75,76,76,78,80,78,76,79,78,80,79,80,83
현재가계저축CSI,100-200만원,78,80,81,78,77,83,81,83,80,80,83,79,81,80,78,80,76,78,78,77,81,81,80,77,77,77,80,85,78,78,82,79,82,83,80,81,78,80,79,82,85,85,84,84,85,87,80,80,79,77,81,81,82,85,86,88,84,84,83,82,81,78,78,80,78,83,84,81,83,84,82,85,83,85,83,89,83,82,85,83,84,84,89,87,86,86,79,71,74,79,79,79,76,78,80,73,78,80,83,78,78,81,82,78,79,85,80,79,81,81,83,79,78,78,79,79,83,79,79,84,80,80,81,84,84,85,83,88,83,82,86,84,84,81,81,80,82,82,83,83,83,86
현재가계저축CSI,200-300만원,85,81,83,83,83,82,84,83,82,86,85,85,86,85,86,86,80,83,85,87,87,86,82,83,85,81,83,84,85,84,83,83,83,86,86,84,82,81,85,85,83,81,81,85,82,86,80,83,81,86,83,83,81,86,83,85,86,86,86,85,83,84,85,82,84,80,82,80,87,87,89,87,90,90,89,92,89,88,90,83,87,89,89,89,92,90,83,79,81,85,81,86,82,87,87,87,88,88,88,91,90,90,89,87,90,89,90,88,90,88,89,91,85,83,86,88,91,88,87,88,88,88,86,90,91,88,92,91,91,90,91,92,92,93,91,90,87,88,91,87,86,94
현재가계저축CSI,300-400만원,86,89,87,88,89,89,87,90,89,91,87,89,92,92,91,88,88,88,87,89,88,85,85,87,87,88,88,89,91,90,87,87,88,90,87,91,88,89,87,88,87,83,86,89,92,89,88,87,88,88,91,89,90,93,92,91,89,93,96,93,95,92,89,91,95,88,91,88,91,90,92,89,89,90,89,90,92,89,92,88,87,90,91,89,92,91,88,85,87,85,87,88,85,84,89,90,89,88,91,89,91,90,86,91,89,88,90,88,91,89,91,90,91,87,84,87,88,86,87,86,86,83,88,90,89,91,92,92,94,89,89,92,90,92,93,93,90,91,92,93,94,95
현재가계저축CSI,400-500만원,89,91,93,89,92,91,92,91,89,92,91,87,95,93,91,90,90,91,87,91,94,90,90,88,89,86,87,91,90,90,88,90,90,91,90,89,89,89,94,91,91,90,90,90,89,90,89,91,92,93,90,93,96,98,97,97,97,93,98,93,95,96,97,95,97,95,95,94,94,98,91,95,97,96,96,97,94,96,92,92,95,98,96,94,97,99,93,89,88,92,87,92,89,91,97,91,95,94,98,97,96,98,95,94,96,92,97,95,95,96,96,94,95,92,87,85,86,85,89,87,86,88,90,92,88,88,89,93,91,89,89,90,91,88,94,89,89,92,93,89,90,94
현재가계저축CSI,500만원이상,96,96,99,97,98,95,99,97,96,97,98,99,101,102,99,100,103,99,99,97,99,98,100,99,98,98,96,99,101,99,98,98,98,98,98,97,98,98,98,101,100,96,97,100,99,99,95,96,95,98,98,99,102,102,101,101,100,97,103,100,101,103,103,102,102,101,100,100,102,99,97,99,98,102,102,104,103,103,104,98,102,101,101,101,103,103,98,95,95,98,100,102,99,101,103,100,103,105,105,106,106,106,106,106,105,103,104,104,105,107,104,105,102,100,93,94,96,91,93,92,94,97,95,99,98,99,99,97,97,97,96,99,102,101,102,102,99,99,102,98,98,101
가계저축전망CSI,전체,91,92,92,92,93,92,93,92,90,93,93,93,94,94,94,94,94,93,93,95,95,93,93,92,92,92,92,95,95,92,93,93,94,95,94,94,93,93,94,93,92,93,93,94,94,94,92,92,91,93,93,93,95,97,97,97,95,96,98,96,96,96,96,96,96,95,95,94,94,93,91,93,95,94,93,97,95,95,93,93,94,94,94,95,97,96,90,87,88,91,91,92,89,92,95,93,94,94,95,97,97,98,97,96,96,97,97,97,97,97,97,97,95,93,88,90,92,90,91,91,91,91,93,95,94,95,97,95,95,94,94,95,96,96,97,96,95,97,96,96,95,99
가계저축전망CSI,100만원미만,79,79,81,81,80,83,83,81,77,82,86,83,85,83,85,86,91,84,86,88,86,85,84,86,81,83,84,84,83,79,79,82,85,88,87,86,86,86,82,84,83,82,82,81,87,84,86,81,80,81,80,80,82,86,84,85,85,89,90,81,80,83,81,83,83,87,82,83,84,82,73,81,79,78,78,81,76,76,79,77,81,84,77,81,83,83,69,64,69,73,67,72,67,72,76,72,71,76,67,73,77,78,79,79,77,76,75,74,77,72,77,77,71,76,77,78,84,80,80,82,81,83,77,81,81,83,89,86,82,83,81,84,88,85,86,86,85,85,84,86,82,85
가계저축전망CSI,100-200만원,89,86,88,89,86,88,87,88,87,91,87,89,90,86,88,89,86,87,84,86,87,86,89,85,86,87,83,89,86,85,89,88,88,89,87,87,88,91,90,88,91,92,92,89,88,89,84,83,83,85,83,83,90,92,91,92,86,89,89,94,93,85,89,88,87,90,90,87,85,87,85,85,87,88,87,90,88,88,88,87,86,84,89,88,86,89,82,73,80,78,83,83,80,80,86,79,82,80,83,82,81,87,84,82,81,87,85,82,84,88,84,84,82,81,79,83,83,83,83,87,85,82,85,87,86,88,86,89,87,87,85,86,86,83,85,83,84,87,87,85,86,90
가계저축전망CSI,200-300만원,88,90,89,89,92,87,91,87,87,92,91,91,91,91,91,90,92,92,92,94,95,91,90,89,91,86,89,91,91,91,92,91,92,91,91,93,86,90,91,90,86,88,90,91,92,92,89,89,88,90,86,88,91,91,93,93,90,93,95,90,91,91,93,92,92,90,92,90,91,90,89,90,91,91,93,92,90,92,90,87,93,92,90,91,93,91,85,85,85,89,87,87,85,89,91,90,92,89,91,92,91,93,92,88,93,92,91,91,92,89,89,90,88,87,88,90,92,92,93,90,91,91,91,92,94,93,97,93,96,95,94,94,93,94,95,94,93,93,94,92,93,96
가계저축전망CSI,300-400만원,93,94,92,94,91,92,94,94,92,93,93,94,97,96,93,94,93,92,94,96,96,93,93,93,93,93,92,97,96,94,91,91,93,96,96,93,95,93,93,92,92,91,90,93,94,93,92,93,93,91,95,94,93,98,96,98,97,99,99,97,98,97,94,99,96,95,96,95,91,89,91,91,94,91,87,95,94,93,92,92,90,90,93,94,95,93,90,88,87,88,88,89,86,88,94,91,91,90,91,93,94,93,93,93,92,92,91,91,92,94,95,95,92,87,87,90,89,89,87,88,87,85,91,91,91,93,96,93,97,92,93,93,93,96,93,97,91,97,95,97,96,97
가계저축전망CSI,400-500만원,89,93,95,91,95,98,95,92,89,92,91,93,95,94,98,97,94,96,93,96,98,94,92,96,91,92,98,97,100,94,97,96,95,95,94,96,94,95,97,95,94,94,95,96,95,98,92,95,96,98,97,98,100,102,100,99,98,98,98,96,98,101,97,97,97,96,96,98,95,101,93,98,98,95,96,99,99,96,92,94,96,98,97,95,98,99,91,90,91,94,92,94,90,95,98,95,98,96,100,99,99,100,99,98,97,97,98,100,97,100,97,98,98,91,88,89,89,88,92,88,89,90,91,94,91,94,94,99,91,92,94,93,94,90,96,94,94,96,95,93,93,95
가계저축전망CSI,500만원이상,102,101,102,101,102,101,102,102,100,101,102,102,103,103,101,100,104,103,103,102,101,101,102,100,101,102,99,103,105,100,102,103,102,102,103,102,101,97,102,101,99,101,101,102,102,100,99,98,97,99,103,102,103,104,105,104,103,102,106,105,104,104,105,102,104,102,101,98,103,101,99,101,104,104,103,106,105,105,103,101,104,102,102,104,107,103,101,97,97,101,102,101,101,103,105,104,105,107,107,109,109,109,108,109,108,106,108,109,109,108,107,107,107,103,94,95,99,94,95,96,97,98,100,102,101,101,101,99,100,99,99,100,103,104,103,102,102,103,102,102,101,105
현재가계부채CSI,전체,104,103,102,103,103,103,102,102,103,104,104,103,103,103,102,103,105,104,105,104,105,105,106,107,106,105,104,104,102,104,104,103,105,104,104,105,104,103,104,103,104,104,105,104,105,105,106,103,103,103,103,103,103,103,103,103,103,103,103,103,102,102,102,101,102,103,103,104,102,102,102,102,102,102,102,101,101,100,100,100,100,100,100,101,100,99,100,104,102,102,102,101,103,103,102,103,103,102,104,103,103,102,103,102,102,103,102,103,101,101,102,101,102,102,102,102,102,103,104,102,103,102,101,99,100,100,100,100,101,101,102,100,100,100,99,99,100,100,100,101,100,101
현재가계부채CSI,100만원미만,106,107,103,104,106,102,104,104,104,107,104,102,105,104,104,101,104,102,104,102,103,104,104,104,100,102,100,101,97,102,101,103,103,106,104,107,106,104,103,103,103,107,102,104,108,104,103,102,104,106,99,105,102,96,101,99,103,107,106,104,103,105,104,104,104,108,109,107,105,104,103,102,97,99,98,102,101,98,98,100,101,105,102,105,98,100,100,104,105,106,101,107,105,108,107,104,106,104,106,110,108,108,114,109,108,113,109,111,112,114,111,113,110,111,98,101,101,105,103,107,103,105,107,95,101,103,102,98,99,101,104,104,101,98,98,96,100,100,101,98,101,99
현재가계부채CSI,100-200만원,104,104,101,104,102,106,104,100,104,103,105,105,105,107,102,107,108,107,110,107,107,108,109,109,110,110,110,108,105,112,107,107,109,110,109,105,108,107,108,105,108,108,109,108,109,110,107,109,110,108,109,110,109,107,109,111,107,111,109,109,107,108,106,105,107,103,104,109,102,105,101,104,106,101,101,100,104,104,104,103,101,101,102,103,105,100,101,108,104,103,105,101,107,104,105,106,104,105,107,105,107,105,105,104,102,105,103,108,106,104,107,108,105,108,104,106,99,101,105,101,107,101,101,105,101,102,100,104,102,102,102,104,103,102,103,105,103,102,102,105,106,108
현재가계부채CSI,200-300만원,106,106,106,107,107,106,104,105,105,108,105,104,106,103,106,104,110,108,108,105,107,108,111,109,108,107,106,107,104,103,104,105,108,106,104,109,109,107,107,106,105,106,108,107,107,109,110,106,105,106,107,108,109,110,109,106,106,104,105,108,107,108,109,110,109,107,105,106,105,103,104,101,106,105,107,104,105,105,105,103,103,102,100,102,105,103,107,108,107,106,108,104,107,103,104,105,107,106,105,108,106,104,108,106,104,104,104,105,102,104,107,104,106,108,104,106,106,107,104,101,105,103,102,104,102,101,104,103,104,104,104,104,105,104,105,101,102,103,103,106,104,102
현재가계부채CSI,300-400만원,104,102,101,105,104,102,104,104,104,105,108,104,103,104,102,105,105,103,106,107,109,106,106,109,110,107,107,106,105,107,108,105,106,102,105,107,104,102,102,101,104,106,105,104,103,106,107,105,104,105,105,104,105,107,105,104,108,103,105,105,105,103,106,102,100,107,104,104,106,107,103,106,102,106,104,103,104,104,101,103,102,104,102,104,101,104,104,107,104,105,103,103,105,108,105,107,107,104,105,105,102,107,105,103,105,106,104,104,104,104,101,105,106,106,103,106,106,107,109,107,104,107,104,103,103,102,101,101,101,103,105,100,103,102,102,104,104,103,104,102,103,103
현재가계부채CSI,400-500만원,106,102,106,97,102,103,97,100,103,103,103,101,98,99,101,100,104,103,107,100,99,100,105,105,104,105,101,103,99,104,103,102,105,105,104,102,102,101,106,105,106,101,102,104,102,102,106,101,99,99,101,102,101,100,102,102,99,99,100,98,99,100,96,94,100,101,101,105,102,101,102,101,102,102,103,99,98,99,100,99,99,100,100,100,100,98,95,100,98,99,101,101,99,98,100,100,99,101,101,102,103,101,99,105,102,103,102,101,100,102,101,100,103,100,105,99,101,102,103,102,104,104,103,102,104,103,102,102,104,101,101,100,101,101,98,102,102,100,100,100,101,100
현재가계부채CSI,500만원이상,99,99,98,101,97,98,100,97,98,99,101,102,101,99,100,98,98,101,99,102,102,103,101,103,101,99,97,97,97,97,100,96,100,98,101,100,99,101,98,100,99,100,102,101,105,102,103,98,101,100,97,94,96,97,96,97,97,99,99,97,97,96,96,96,97,99,99,100,96,96,100,100,99,97,99,98,97,94,96,96,98,97,98,99,97,95,96,100,99,98,96,97,100,100,100,99,100,99,102,98,99,97,98,98,99,99,99,98,96,95,97,96,95,97,100,99,100,101,101,101,100,98,97,93,95,97,95,97,99,98,100,96,96,96,96,94,97,97,96,97,96,98
가계부채전망CSI,전체,100,101,98,98,98,99,98,99,99,101,100,101,99,99,99,100,100,99,99,99,101,99,101,100,100,99,99,99,99,100,98,98,100,99,99,100,100,99,100,101,100,100,100,99,99,98,100,100,99,99,99,99,98,98,99,98,98,96,98,98,98,98,97,97,96,98,98,99,99,100,102,101,99,99,99,98,97,98,98,98,99,99,98,99,98,98,99,102,100,99,100,99,101,100,99,101,100,99,99,101,98,99,100,99,99,100,99,100,99,100,100,100,99,102,102,101,101,102,102,100,102,100,100,98,99,99,98,99,99,99,99,98,97,98,98,97,98,97,98,98,97,98
가계부채전망CSI,100만원미만,101,106,104,102,105,103,107,104,101,104,105,106,101,100,103,101,103,103,102,103,103,103,103,103,102,102,101,101,103,104,101,105,103,99,102,103,104,102,104,102,101,103,104,100,106,104,98,99,108,105,100,101,102,101,99,103,104,105,104,101,105,103,104,100,104,103,103,107,102,97,104,102,101,99,99,99,97,98,98,100,100,102,100,103,100,99,102,106,105,102,101,104,100,104,106,106,106,105,103,110,106,109,108,107,111,109,106,111,108,113,110,110,104,108,98,93,98,101,103,100,102,98,105,94,101,100,100,97,103,101,101,99,97,98,100,94,95,100,102,99,98,103
가계부채전망CSI,100-200만원,103,102,95,98,100,101,104,99,102,101,103,104,101,104,101,105,102,101,101,103,104,102,102,103,106,107,108,103,103,109,101,106,106,104,103,100,103,101,101,105,106,105,104,102,104,105,106,107,105,104,108,105,106,103,105,100,104,103,104,103,102,102,101,101,105,99,102,103,97,103,101,101,99,100,101,99,101,101,100,98,100,99,100,101,101,102,100,107,104,103,103,100,103,104,102,102,99,105,105,104,103,99,101,102,103,102,103,106,103,105,105,103,100,105,103,104,98,103,102,100,105,99,100,101,99,100,99,102,101,100,101,100,99,101,101,99,99,99,102,103,104,105
가계부채전망CSI,200-300만원,102,101,99,100,100,102,98,101,100,105,102,100,101,100,102,101,104,102,101,99,102,101,100,100,100,97,99,99,100,99,96,98,101,99,100,102,102,98,99,100,96,102,100,101,101,100,101,99,101,102,104,103,99,102,102,100,98,98,97,100,99,102,97,101,97,101,99,102,102,104,104,104,102,103,101,100,101,104,105,101,100,101,100,98,102,100,104,104,104,102,104,103,108,102,100,103,103,105,103,104,104,103,105,105,101,103,103,104,100,105,105,104,105,107,103,105,104,105,104,101,106,102,100,101,99,98,100,101,102,103,102,102,101,100,100,100,100,100,100,101,98,100
가계부채전망CSI,300-400만원,97,102,99,98,97,99,99,100,100,101,100,103,99,103,100,102,101,96,101,97,102,99,104,101,102,99,101,102,100,102,102,98,100,98,100,102,98,101,101,102,102,102,100,101,100,99,103,104,100,101,101,99,102,99,101,100,101,97,100,99,99,97,98,98,96,99,101,101,105,106,105,103,102,104,102,102,98,100,100,102,102,102,101,103,100,102,102,105,101,102,103,102,103,105,103,103,102,100,101,103,101,105,105,102,101,103,101,101,104,104,103,103,103,107,106,105,105,104,108,108,106,106,104,104,103,101,101,102,100,103,102,102,102,102,101,100,101,101,101,101,102,99
가계부채전망CSI,400-500만원,103,98,101,97,98,98,92,98,99,101,97,98,96,97,95,97,95,98,101,98,95,98,100,98,99,101,96,98,99,95,98,96,100,101,98,98,98,100,102,101,99,97,98,97,97,94,99,98,95,95,96,95,95,94,96,96,96,92,96,98,96,95,96,97,96,96,95,93,99,100,101,98,99,97,100,95,95,97,97,98,99,100,97,98,99,98,96,100,97,99,98,95,98,95,97,99,98,97,97,101,97,100,98,99,99,98,99,98,97,97,97,97,99,99,104,99,100,99,101,103,101,102,103,99,102,102,99,100,101,97,98,97,98,99,98,99,100,98,97,100,97,99
가계부채전망CSI,500만원이상,94,96,93,94,94,94,96,93,95,96,98,97,95,94,95,96,94,94,94,96,98,94,95,97,93,94,94,96,93,98,96,93,94,95,95,95,97,97,96,98,97,95,97,95,95,92,94,94,94,92,93,93,93,94,94,94,94,91,93,92,93,94,93,93,91,93,93,95,95,95,98,99,95,95,96,94,93,94,94,95,94,94,94,95,93,92,94,96,95,95,97,96,98,97,96,97,96,93,95,95,93,93,94,94,93,95,94,94,94,95,94,94,94,97,100,98,99,100,98,96,97,96,96,94,95,96,94,95,94,96,95,95,93,94,94,93,95,94,94,94,94,95
물가수준전망(1년후)CSI,전체,141,137,138,136,135,132,133,138,144,138,136,135,138,136,136,135,136,135,135,136,137,135,133,131,130,132,130,129,129,131,133,132,132,131,132,134,135,132,132,132,136,136,134,132,135,135,138,141,148,145,142,141,137,139,139,138,138,137,137,138,141,139,140,139,140,140,141,143,148,146,146,146,145,145,144,142,145,143,141,140,134,132,133,135,139,137,134,132,131,132,135,139,139,139,138,139,142,144,146,145,146,147,147,149,149,149,152,151,152,152,154,155,157,163,166,158,157,157,156,151,151,153,151,148,146,146,144,147,147,151,149,146,143,144,146,145,147,146,144,145,144,147
물가수준전망(1년후)CSI,100만원미만,134,134,137,132,138,131,131,137,144,138,138,135,140,136,138,132,132,133,130,134,135,132,132,130,133,132,130,129,131,130,132,133,132,129,131,130,134,130,135,134,137,137,134,130,134,135,138,141,148,144,142,139,135,140,136,139,139,138,138,138,145,140,142,140,139,138,144,145,150,139,140,140,142,141,144,141,146,145,141,137,134,132,136,138,139,136,138,134,133,134,136,145,139,138,136,139,142,147,148,146,147,147,151,146,149,150,153,150,152,152,151,153,155,156,158,152,151,152,152,152,151,152,155,153,143,142,141,145,149,150,147,146,141,144,144,147,143,147,142,145,146,140
물가수준전망(1년후)CSI,100-200만원,140,135,135,135,134,132,132,137,147,139,138,139,139,137,138,135,137,135,135,135,139,132,134,131,130,132,129,130,128,131,133,132,131,131,130,134,133,132,134,135,138,138,138,136,137,137,136,139,150,147,143,140,135,139,139,139,137,135,136,135,139,140,140,134,141,138,137,142,144,146,144,146,143,146,145,141,144,144,143,139,137,135,135,136,140,140,137,136,135,137,140,141,142,141,141,141,142,145,147,148,145,144,146,149,152,148,149,149,153,154,154,154,157,161,165,158,156,157,154,153,149,156,150,149,149,148,146,149,150,151,150,147,146,143,147,145,150,144,142,147,141,148
물가수준전망(1년후)CSI,200-300만원,141,140,141,135,137,131,132,137,144,138,136,134,138,137,137,134,137,136,136,136,138,137,136,132,134,135,130,129,129,131,137,133,133,130,133,136,137,135,134,134,138,138,136,132,137,137,140,142,147,144,143,142,136,138,142,139,139,138,137,137,140,140,143,140,138,142,142,145,149,147,149,147,145,143,144,142,146,144,141,140,133,134,132,135,139,140,136,133,131,132,135,140,141,139,138,138,140,143,144,145,146,147,147,150,148,149,151,153,150,150,154,152,154,161,163,158,155,155,155,151,151,152,149,148,145,146,143,147,148,151,150,147,143,144,147,145,146,146,145,148,145,147
물가수준전망(1년후)CSI,300-400만원,141,138,137,138,136,134,136,137,144,138,137,137,140,137,137,135,136,137,137,138,138,137,134,132,128,134,131,130,129,133,136,134,132,130,131,134,134,132,129,130,136,136,135,133,136,133,139,140,147,146,141,144,137,136,136,135,137,135,136,137,140,136,137,136,140,139,140,143,149,148,145,146,147,146,144,145,146,143,141,142,135,134,132,136,139,137,135,132,132,132,134,139,138,139,138,140,142,145,146,145,146,148,147,149,147,149,152,151,153,152,153,158,157,163,163,156,155,158,155,150,150,153,151,147,145,146,143,147,146,151,148,145,141,146,145,144,146,147,144,146,144,148
물가수준전망(1년후)CSI,400-500만원,143,139,139,135,134,134,133,139,142,139,135,132,138,134,135,137,136,136,133,135,136,135,131,133,130,131,130,129,127,132,135,132,132,131,134,137,137,135,133,130,133,133,131,131,134,134,138,141,149,143,138,139,136,139,138,139,136,136,135,138,139,140,139,138,138,138,138,140,147,147,146,149,146,144,145,142,144,142,141,140,132,131,134,134,138,136,134,130,132,130,134,138,139,137,138,136,141,143,146,143,144,147,146,148,149,149,152,148,151,152,155,155,158,164,167,158,159,159,158,150,152,156,151,150,149,146,147,148,149,154,149,146,144,146,147,147,148,146,145,143,144,147
물가수준전망(1년후)CSI,500만원이상,142,137,136,137,134,131,133,139,141,135,136,135,135,134,134,135,137,134,134,135,136,133,131,127,126,129,128,129,130,129,128,130,131,134,131,133,133,129,131,131,134,133,131,130,134,134,137,142,147,146,142,141,138,141,138,139,139,138,140,140,143,140,141,141,141,142,143,143,147,147,147,146,146,145,145,142,145,142,141,140,134,130,131,134,138,136,130,130,127,130,134,137,138,139,139,139,142,143,146,146,146,148,148,150,149,150,153,151,151,153,155,156,159,164,169,161,160,159,157,151,151,153,151,147,146,145,143,146,146,151,150,145,143,144,146,145,146,145,143,144,143,147
주택가격전망CSI,전체,94,95,101,105,111,110,103,102,109,113,113,111,117,121,121,116,113,113,113,120,124,124,119,116,116,118,123,122,122,120,119,116,117,119,113,102,102,102,101,105,106,111,111,108,112,114,107,97,92,92,99,103,109,116,115,99,103,110,106,106,110,112,107,101,102,98,98,109,128,114,101,95,91,84,83,87,93,97,106,107,109,115,120,125,116,112,112,96,96,112,125,125,117,122,130,132,130,129,124,122,124,127,129,129,128,125,116,107,100,97,104,114,111,98,82,76,67,64,61,62,68,71,80,87,92,100,102,107,110,108,102,93,92,92,95,101,101,108,115,118,119,116
주택가격전망CSI,100만원미만,101,95,106,107,112,111,106,108,111,115,115,115,118,118,124,116,113,109,113,116,123,123,118,116,120,120,124,121,123,120,124,120,122,120,114,108,104,104,100,107,108,111,112,112,113,115,113,106,97,98,103,109,111,122,112,100,102,111,109,107,111,116,111,103,104,101,99,109,137,123,113,103,101,96,88,91,97,100,112,110,108,115,118,125,117,109,110,99,97,110,124,129,124,129,129,133,129,128,128,123,127,130,128,133,129,128,120,113,103,103,101,117,117,109,85,78,73,67,66,63,71,70,74,83,89,97,97,100,107,107,108,96,94,93,96,97,102,108,118,122,124,120
주택가격전망CSI,100-200만원,101,97,106,108,116,114,105,103,114,115,115,116,121,122,121,118,113,118,116,122,125,128,127,123,120,125,125,124,122,122,119,118,120,122,117,109,108,108,107,110,113,115,118,110,112,116,110,100,97,95,104,106,113,116,121,108,108,114,108,111,118,115,113,106,107,106,103,112,129,118,106,99,100,91,88,92,97,103,109,111,111,116,122,127,119,112,115,103,99,111,132,131,124,127,131,137,136,135,132,126,130,131,132,134,135,132,123,116,103,100,105,120,118,106,86,80,69,66,65,65,69,71,79,87,92,97,102,111,116,111,107,97,96,98,97,104,106,112,117,122,120,121
주택가격전망CSI,200-300만원,93,95,99,104,110,110,104,105,111,115,113,110,115,122,122,114,111,113,114,119,122,122,117,115,114,117,120,118,120,120,116,114,119,120,112,102,103,103,103,107,109,111,110,107,109,113,107,97,95,93,102,104,107,111,115,100,102,110,105,106,109,111,109,105,102,99,99,110,130,118,105,99,94,86,87,90,95,99,104,107,110,117,120,127,119,114,115,97,101,112,126,129,120,122,131,136,134,130,125,125,129,132,132,132,130,125,120,107,103,99,102,113,114,102,93,86,76,74,69,69,71,77,84,90,96,104,105,109,113,114,108,98,96,96,99,104,106,110,118,120,122,116
주택가격전망CSI,300-400만원,92,96,99,105,111,110,102,103,106,110,115,110,116,122,122,116,117,113,113,118,124,126,119,115,116,119,126,124,123,119,121,114,115,117,118,103,101,102,99,106,105,106,110,106,115,112,105,98,94,92,99,101,111,115,115,98,100,109,106,103,107,110,106,101,103,98,95,106,130,114,100,94,89,85,82,85,91,94,103,104,108,115,118,122,115,114,111,94,95,114,121,126,116,120,129,131,132,127,127,123,123,127,129,129,127,126,118,107,103,98,106,114,111,97,82,73,68,65,62,65,68,70,79,82,90,97,103,106,109,107,100,94,93,92,95,101,100,108,113,116,118,118
주택가격전망CSI,400-500만원,90,94,102,105,110,106,104,96,107,113,110,109,117,119,119,115,109,111,113,118,123,121,121,116,115,113,122,121,123,120,119,117,118,118,113,103,101,99,103,108,105,112,110,106,113,116,108,95,93,93,96,103,106,116,111,100,105,113,108,107,113,111,107,99,103,99,98,112,124,111,97,97,89,81,84,85,92,98,109,109,108,115,121,126,118,113,113,97,98,114,126,121,117,123,132,133,131,130,123,122,123,126,127,127,125,122,114,108,98,99,102,115,109,99,80,70,63,58,58,56,67,67,80,88,94,100,100,108,109,110,102,90,91,90,94,100,100,105,111,113,118,115
주택가격전망CSI,500만원이상,89,91,99,103,111,107,98,98,107,112,110,110,116,121,121,119,113,113,109,123,127,124,116,114,114,116,123,124,123,120,119,115,114,120,107,96,97,98,98,99,103,110,109,107,109,114,104,93,86,87,96,101,109,118,114,95,103,107,105,104,108,111,102,95,99,94,95,106,124,110,94,89,84,78,78,85,89,93,106,105,108,113,121,125,114,110,109,92,93,112,124,121,111,120,128,129,125,126,120,119,122,124,126,126,127,122,112,103,96,93,105,112,107,93,75,72,62,59,55,58,66,69,79,88,92,100,102,107,109,106,98,90,88,90,94,101,99,108,115,118,118,113
임금수준전망CSI,전체,115,113,115,114,116,115,118,116,119,117,117,117,119,118,118,118,118,118,118,119,118,117,116,114,116,115,117,117,116,115,119,116,115,115,115,114,114,112,112,113,111,111,113,114,114,113,111,110,112,110,111,113,120,122,124,125,122,121,123,122,126,123,121,120,120,119,118,121,121,121,118,119,122,120,116,117,116,117,118,118,117,117,117,117,119,116,109,102,104,105,110,111,105,109,111,109,112,112,112,113,114,117,118,119,117,117,117,117,118,117,113,116,117,116,117,117,115,114,113,113,113,113,112,114,116,116,118,118,117,116,115,116,117,116,116,117,116,116,118,120,117,119
임금수준전망CSI,100만원미만,119,114,118,116,118,117,124,121,122,120,120,122,122,119,119,122,122,119,124,122,125,122,118,114,118,120,122,119,119,115,124,120,123,121,118,119,115,116,115,116,111,115,115,117,118,113,109,113,112,111,114,115,122,126,126,126,124,124,123,123,130,125,124,124,121,120,119,128,124,124,119,116,122,120,120,119,121,121,119,121,121,117,117,120,121,116,110,102,108,104,112,110,106,111,113,108,110,112,111,112,114,116,120,119,118,117,118,117,118,115,114,117,118,120,121,119,117,116,119,117,120,118,114,119,122,121,121,121,124,119,124,122,123,119,118,120,119,124,122,124,125,126
임금수준전망CSI,100-200만원,112,113,116,116,115,116,119,117,120,118,118,120,120,121,118,118,119,119,120,120,119,119,117,116,117,115,117,119,116,115,121,118,118,114,115,115,115,114,113,115,113,115,119,119,116,117,113,112,116,112,113,115,119,122,127,125,124,123,126,124,125,123,122,120,119,119,118,121,124,123,120,121,125,124,120,118,116,116,121,119,118,118,117,118,120,119,111,103,105,106,115,116,109,110,113,109,114,112,113,115,113,116,120,119,121,119,118,119,124,123,117,119,122,122,126,121,122,115,120,121,121,119,115,119,121,118,121,120,121,122,119,118,118,120,118,118,119,118,121,120,120,125
임금수준전망CSI,200-300만원,114,111,113,112,115,112,115,114,115,113,113,114,116,116,115,116,114,116,113,116,115,114,113,111,114,112,115,112,111,111,115,115,113,112,111,112,109,107,109,110,108,106,109,109,110,109,108,107,109,108,108,111,117,117,121,123,119,117,119,119,122,119,117,116,117,115,117,118,121,119,118,118,122,120,116,116,114,116,118,116,116,118,117,117,118,114,111,103,105,107,111,112,107,109,112,110,111,111,112,113,113,116,118,117,114,116,117,115,115,115,112,114,115,114,118,117,113,115,115,114,113,113,111,116,117,117,118,118,117,117,114,116,117,115,113,117,115,115,116,118,116,117
임금수준전망CSI,300-400만원,116,114,116,117,119,115,119,116,121,120,118,115,121,117,119,118,119,120,121,119,118,118,117,117,116,117,119,118,119,117,120,117,116,116,116,116,114,113,109,114,112,111,113,115,112,113,112,109,112,108,111,112,118,121,125,124,123,121,123,122,126,123,121,119,121,117,117,121,118,118,117,117,121,118,110,114,112,114,115,116,116,117,114,114,118,115,108,99,100,102,107,109,102,108,107,105,110,107,108,109,110,114,117,116,114,113,112,115,116,115,112,113,115,114,114,117,116,114,112,113,113,113,113,113,114,117,117,120,117,116,115,118,118,118,118,119,117,116,119,121,118,121
임금수준전망CSI,400-500만원,115,114,115,111,114,118,119,113,119,114,117,117,120,116,117,120,119,117,117,121,119,117,114,114,118,115,115,116,115,115,120,115,114,112,117,113,117,113,112,114,114,112,113,115,115,118,112,112,114,113,114,116,123,126,125,127,122,125,125,123,129,122,124,121,121,120,119,124,117,119,116,116,121,119,118,116,115,115,117,117,116,115,116,117,117,114,106,103,102,104,108,111,104,109,110,110,111,112,112,112,116,118,116,120,115,117,117,117,117,117,112,116,116,114,114,116,115,111,111,110,111,111,110,113,114,115,117,116,114,115,115,113,117,115,118,116,115,116,117,118,116,118
임금수준전망CSI,500만원이상,115,114,116,114,116,114,115,115,119,117,117,117,117,120,118,117,119,116,118,120,118,117,116,114,114,117,118,118,116,117,119,117,113,116,114,114,114,112,114,114,108,109,112,115,114,112,110,108,111,110,110,113,122,123,124,125,124,122,125,124,126,125,121,120,120,120,118,121,124,123,118,121,122,121,117,118,118,119,120,119,117,118,118,117,121,117,110,101,104,105,111,111,105,110,111,110,114,115,114,115,116,119,118,120,119,118,120,118,119,118,114,117,117,117,116,115,114,114,110,111,111,111,111,113,114,115,116,118,115,115,115,115,116,116,115,116,116,116,117,119,116,118
소비자심리지수,전체,101.8,101.1,104.2,101.6,104.1,105,104.7,104.9,101.4,106.5,108.1,107.4,110,109,109.5,109.5,105.2,108,105.5,107.4,108.3,105.5,103.3,101.7,103.1,103.8,102,104.8,106.2,98.8,100.8,102.2,103.4,105.9,106.6,103.3,100.5,98.3,100.6,102.2,99.8,99.3,101.6,102.5,102.4,102.7,96,94.3,93.3,94.5,97,101.8,109,112.3,112.5,111.1,108.8,110.3,113.6,112.1,111.3,109.6,109.5,108.5,109.4,106.8,102.1,100.1,101,100.2,96.6,97.8,98.5,100.6,100.8,102.7,98.9,98.6,97,93.5,98,99.7,102,101.5,105.3,98,79.7,72.1,78.8,83.1,85.4,89.3,80.7,92.7,99.1,91,95.3,97.4,100.6,102.4,105.5,110.8,103.6,102.8,104.1,107.3,108.2,104.3,104.9,103.5,103.7,104.3,103.1,96.8,86.2,89,91.6,89,86.6,90.1,90.7,90.2,92,95.2,98.1,100.8,103.4,103.3,99.8,98.2,97.3,99.7,101.6,101.9,100.7,100.7,98.4,100.9,103.6,100.8,100,101.7
